"Structure Num","Span Num","Element ID","Group","Element","Element Num","Misc 1","Position","Misc 2","Material","Misc 3","Protection","Misc 4","Protection 2","Misc 5","Element Type","MIsc 6","Misc","Misc 7","Importance","Misc 8","Width","Length","Height","Elements Num","Quantity"
"00005","1","1","Sub-group 4","Category 12",,"13","South",,,,,,,"501","Type 13",,,"2","Secondary",,,,,,
"00006","1","2","Sub-group 4","Category 12",,"13","South",,,,,,,"501","Type 13",,,"2","Secondary",,,,,,
"00004","1","3","Sub-group 4","Category 12",,"13","South",,,,,,,"501","Type 13",,,"2","Secondary",,,,,,
"00005","3","4","Sub-group 4","Category 12",,"15","North",,,,,,,"501","Type 13",,,"2","Secondary",,,,,,
"00006","7","5","Sub-group 4","Category 12",,"15","North",,,,,,,"501","Type 13",,,"2","Secondary",,,,,,
"00004","13","6","Sub-group 4","Category 12",,"15","North",,,,,,,"501","Type 13",,,"2","Secondary",,,,,,
"00006","1","7","Sub-group 4","Category 10",,"13","South",,,,,,,"514","Type 23",,,"2","Secondary",,,,,,
"00004","1","8","Sub-group 4","Category 10",,"13","South",,,,,,,"516","Type 25",,,"2","Secondary",,,,,,
"00005","1","9","Sub-group 4","Category 10",,"13","South",,,,,,,"516","Type 25",,,"2","Secondary",,,,,,
"00006","7","10","Sub-group 4","Category 10",,"15","North",,,,,,,"514","Type 23",,,"2","Secondary",,,,,,
"00004","13","11","Sub-group 4","Category 10",,"15","North",,,,,,,"516","Type 25",,,"2","Secondary",,,,,,
"00005","3","12","Sub-group 4","Category 10",,"15","North",,,,,,,"516","Type 25",,,"2","Secondary",,,,,,
"00004","1","13","Sub-group 5","Category 13","1",,,,,,,,,"47","Type 19","5","Nul","1","Principal",,,,,,
"00004","13","14","Sub-group 5","Category 13","14",,,,,,,,,"47","Type 19","5","Nul","1","Principal",,,,,,
"00005","1","15","Sub-group 5","Category 13","1",,,,,,,,,"50","Type 18","5","Nul","1","Principal",,,,,,
"00005","3","16","Sub-group 5","Category 13","4",,,,,,,,,"50","Type 18","5","Nul","1","Principal",,,,,,
"00006","1","17","Sub-group 5","Category 13","1",,,,,,,,,"50","Type 18","5","Nul","1","Principal",,,,,,
"00006","7","18","Sub-group 5","Category 13","8",,,,,,,,,"50","Type 18","5","Nul","1","Principal",,,,,,
"00006","1","19","Sub-group 5","Category 14","1",,,"1","Concrete","8","Element Protect.","1","Element Protect. 2",,,,,"1","Principal",,,"19500","950",,"18.525"
"00005","3","20","Sub-group 5","Category 14","4",,,"1","Concrete",,,"1","Element Protect. 2",,,,,"1","Principal",,,"23025","900",,"20.722"
"00006","7","21","Sub-group 5","Category 14","8",,,"1","Concrete","8","Element Protect.","1","Element Protect. 2",,,,,"1","Principal",,,"20117","1000",,"20.117"
"00004","1","22","Sub-group 5","Category 14","1",,,"1","Concrete",,,"1","Element Protect. 2",,,,,"1","Principal",,,"14833","1500",,"22.25"
"00004","13","23","Sub-group 5","Category 14","14",,,"1","Concrete",,,"1","Element Protect. 2",,,,,"1","Principal",,,"28584","1540",,"44.019"
"00005","1","24","Sub-group 5","Category 14","1",,,"1","Concrete",,,"1","Element Protect. 2",,,,,"1","Principal",,,"29388","1400",,"41.143"
"00006","3","25","Sub-group 8","Category 13","4",,,,,,,,,"41","Type 10","2","Nul","1","Principal",,,,,,
"00006","1","26","Sub-group 8","Category 13","2",,,,,,,,,"41","Type 10","2","Nul","1","Principal",,,,,,
"00006","6","27","Sub-group 8","Category 13","7",,,,,,,,,"41","Type 10","2","Nul","1","Principal",,,,,,
"00006","5","28","Sub-group 8","Category 13","6",,,,,,,,,"41","Type 10","2","Nul","1","Principal",,,,,,
"00006","4","29","Sub-group 8","Category 13","5",,,,,,,,,"41","Type 10","2","Nul","1","Principal",,,,,,
"00006","2","30","Sub-group 8","Category 13","3",,,,,,,,,"41","Type 10","2","Nul","1","Principal",,,,,,
"00005","1","31","Sub-group 8","Category 13","2",,,,,,,,,"41","Type 10","1","Nul","1","Principal",,,,,,
"00004","11","32","Sub-group 8","Category 13","12",,,,,,,,,"47","Type 19","5","Nul","1","Principal",,,,,,
"00004","12","33","Sub-group 8","Category 13","13",,,,,,,,,"47","Type 19","5","Nul","1","Principal",,,,,,
"00004","5","34","Sub-group 8","Category 13","6",,,,,,,,,"47","Type 19","5","Nul","1","Principal",,,,,,
"00004","4","35","Sub-group 8","Category 13","5",,,,,,,,,"47","Type 19","5","Nul","1","Principal",,,,,,
"00004","7","36","Sub-group 8","Category 13","8",,,,,,,,,"47","Type 19","5","Nul","1","Principal",,,,,,
"00004","1","37","Sub-group 8","Category 13","2",,,,,,,,,"47","Type 19","5","Nul","1","Principal",,,,,,
"00005","2","38","Sub-group 8","Category 13","3",,,,,,,,,"50","Type 18","5","Nul","1","Principal",,,,,,
"00004","10","39","Sub-group 8","Category 13","11",,,,,,,,,"47","Type 19","5","Nul","1","Principal",,,,,,
"00004","3","40","Sub-group 8","Category 13","4",,,,,,,,,"47","Type 19","5","Nul","1","Principal",,,,,,
"00004","6","41","Sub-group 8","Category 13","7",,,,,,,,,"47","Type 19","5","Nul","1","Principal",,,,,,
"00004","2","42","Sub-group 8","Category 13","3",,,,,,,,,"47","Type 19","5","Nul","1","Principal",,,,,,
"00004","9","43","Sub-group 8","Category 13","10",,,,,,,,,"47","Type 19","5","Nul","1","Principal",,,,,,
"00004","8","44","Sub-group 8","Category 13","9",,,,,,,,,"47","Type 19","5","Nul","1","Principal",,,,,,
"00004","10","45","Sub-group 8","Category 24","11",,,"1","Concrete",,,"1","Element Protect. 2",,,"20","Nul","1","Principal",,"2250","20263","2500",,"112.565"
"00004","6","46","Sub-group 8","Category 24","7",,,"1","Concrete",,,"1","Element Protect. 2",,,"20","Nul","1","Principal",,"3500","14930","2500",,"92.15"
"00006","3","47","Sub-group 8","Category 25","4",,,"1","Concrete","8","Element Protect.","1","Element Protect. 2","62","Type 11","20","Nul","1","Principal",,"508","3800","4550","2","78.406"
"00006","1","48","Sub-group 8","Category 25","2",,,"1","Concrete","8","Element Protect.","1","Element Protect. 2","62","Type 11","20","Nul","1","Principal",,"508","3800","4460","2","76.855"
"00006","6","49","Sub-group 8","Category 25","7",,,"1","Concrete","8","Element Protect.","1","Element Protect. 2","62","Type 11","20","Nul","1","Principal",,"508","3800","4610","2","79.44"
"00006","5","50","Sub-group 8","Category 25","6",,,"1","Concrete","8","Element Protect.","1","Element Protect. 2","62","Type 11","20","Nul","1","Principal",,"508","3800","3730","2","64.275"
"00006","4","51","Sub-group 8","Category 25","5",,,"1","Concrete","8","Element Protect.","1","Element Protect. 2","62","Type 11","20","Nul","1","Principal",,"508","3800","5200","2","89.606"
"00006","2","52","Sub-group 8","Category 25","3",,,"1","Concrete","8","Element Protect.","1","Element Protect. 2","62","Type 11","20","Nul","1","Principal",,"508","3800","5140","2","88.572"
"00005","1","53","Sub-group 8","Category 25","2",,,"1","Concrete",,,"1","Element Protect. 2","61","Type 12","20","Nul","1","Principal",,,"1314","5130","5","105.885"
"00004","11","54","Sub-group 8","Category 25","12",,,"1","Concrete",,,"1","Element Protect. 2","61","Type 12","20","Nul","1","Principal",,,"1314","5420","5","111.87"
"00004","12","55","Sub-group 8","Category 25","13",,,"1","Concrete",,,"1","Element Protect. 2","61","Type 12","20","Nul","1","Principal",,,"860","4775","5","64.505"
"00004","5","56","Sub-group 8","Category 24","6",,,"1","Concrete",,,"1","Element Protect. 2",,,"20","Nul","1","Principal",,"1219","6096","7175",,"104.97"
"00004","4","57","Sub-group 8","Category 24","5",,,"1","Concrete",,,"1","Element Protect. 2",,,"20","Nul","1","Principal",,"1219","6096","9750",,"142.643"
"00004","7","58","Sub-group 8","Category 24","8",,,"1","Concrete",,,"1","Element Protect. 2",,,"20","Nul","1","Principal",,"1219","6096","5130",,"75.052"
"00004","1","59","Sub-group 8","Category 24","2",,,"1","Concrete",,,"1","Element Protect. 2",,,"20","Nul","1","Principal",,"1219","6096","4820",,"70.517"
"00005","2","60","Sub-group 8","Category 25","3",,,"1","Concrete",,,"1","Element Protect. 2","61","Type 12","20","Nul","1","Principal",,,"1314","4800","5","99.073"
"00004","3","61","Sub-group 8","Category 24","4",,,"1","Concrete",,,"1","Element Protect. 2",,,"20","Nul","1","Principal",,"1219","6096","6000",,"87.78"
"00004","2","62","Sub-group 8","Category 24","3",,,"1","Concrete",,,"1","Element Protect. 2",,,"20","Nul","1","Principal",,"1219","6096","5740",,"83.976"
"00004","9","63","Sub-group 8","Category 24","10",,,"1","Concrete",,,"1","Element Protect. 2",,,"20","Nul","1","Principal",,"1219","6096","4480",,"65.542"
"00004","8","64","Sub-group 8","Category 24","9",,,"1","Concrete",,,"1","Element Protect. 2",,,"20","Nul","1","Principal",,"1219","6096","5525",,"80.831"
"00006","1","65","Sub-group 8","Category 26","2",,,"1","Concrete","8","Element Protect.","1","Element Protect. 2",,,,,"1","Principal",,"508","5486","762",,"11.922"
"00006","3","66","Sub-group 8","Category 26","4",,,"1","Concrete","8","Element Protect.","1","Element Protect. 2",,,,,"1","Principal",,"508","5486","762",,"11.922"
"00006","2","67","Sub-group 8","Category 26","3",,,"1","Concrete","8","Element Protect.","1","Element Protect. 2",,,,,"1","Principal",,"508","5486","762",,"11.922"
"00006","4","68","Sub-group 8","Category 26","5",,,"1","Concrete","8","Element Protect.","1","Element Protect. 2",,,,,"1","Principal",,"508","5486","762",,"11.922"
"00006","5","69","Sub-group 8","Category 26","6",,,"1","Concrete","8","Element Protect.","1","Element Protect. 2",,,,,"1","Principal",,"508","5486","762",,"11.922"
"00006","6","70","Sub-group 8","Category 26","7",,,"1","Concrete","8","Element Protect.","1","Element Protect. 2",,,,,"1","Principal",,"508","5486","762",,"11.922"
"00004","1","71","Sub-group 7","Category 21","1","6","North",,,,,,,,,,,"2","Secondary",,,"14970",,,"14.97"
"00004","6","72","Sub-group 7","Category 21","2","6","North",,,,,,,,,,,"2","Secondary",,,"14934",,,"14.934"
"00004","1","73","Sub-group 9","Category 1",,,,"5","Steel",,,,,,,,,"2","Secondary",,,,,"1","1"
"00004","2","74","Sub-group 9","Category 1",,,,"5","Steel",,,,,,,,,"2","Secondary",,,,,"1","1"
"00004","3","75","Sub-group 9","Category 1",,,,"5","Steel",,,,,,,,,"2","Secondary",,,,,"1","1"
"00004","4","76","Sub-group 9","Category 1",,,,"5","Steel",,,,,,,,,"2","Secondary",,,,,"1","1"
"00004","5","77","Sub-group 9","Category 1",,,,"5","Steel",,,,,,,,,"2","Secondary",,,,,"1","1"
"00004","6","78","Sub-group 9","Category 1",,,,"5","Steel",,,,,,,,,"2","Secondary",,,,,"1","1"
"00004","7","79","Sub-group 9","Category 1",,,,"5","Steel",,,,,,,,,"2","Secondary",,,,,"1","1"
"00004","8","80","Sub-group 9","Category 1",,,,"5","Steel",,,,,,,,,"2","Secondary",2008-10-14 0:00:00,,,,"1","1"
"00004","9","81","Sub-group 9","Category 1",,,,"5","Steel",,,,,,,,,"2","Secondary",,,,,"1","1"
"00004","10","82","Sub-group 9","Category 1",,,,"5","Steel",,,,,,,,,"2","Secondary",,,,,"1","1"
"00004","11","83","Sub-group 9","Category 1",,,,"5","Steel",,,,,,,,,"2","Secondary",,,,,"1","1"
"00004","12","84","Sub-group 9","Category 1",,,,"5","Steel",,,,,,,,,"2","Secondary",,,,,"1","1"
"00004","13","85","Sub-group 9","Category 1",,,,"5","Steel",,,,,,,,,"2","Secondary",,,,,"1","1"
"00004","10","86","Sub-group 7","Category 21","3","6","North",,,,,,,,,,,"2","Secondary",,,"19392",,,"19.392"
"00006","1","87","Sub-group 7","Category 21","1","6","North",,,,,,,,,,,"2","Secondary",,,"19812",,,"19.812"
"00006","7","88","Sub-group 7","Category 21","2","6","North",,,,,,,,,,,"2","Secondary",,,"19812",,,"19.812"
"00004","1","89","Sub-group 10","Category 5",,"13","South","1","Concrete",,,"1","Element Protect. 2",,,,,"1","Principal",,,"2184","1676","6","43.925"
"00004","11","90","Sub-group 10","Category 5",,"13","South","1","Concrete",,,"1","Element Protect. 2",,,,,"1","Principal",,,"2134","1372","6","35.134"
"00004","5","91","Sub-group 10","Category 5",,"15","North","1","Concrete",,,"1","Element Protect. 2",,,,,"1","Principal",,,"2184","1676","6","43.925"
"00004","1","92","Sub-group 10","Category 5",,"15","North","1","Concrete",,,"1","Element Protect. 2",,,,,"1","Principal",,,"2184","1676","6","43.925"
"00004","2","93","Sub-group 10","Category 5",,"15","North","1","Concrete",,,"1","Element Protect. 2",,,,,"1","Principal",,,"2184","1676","6","43.925"
"00004","3","94","Sub-group 10","Category 5",,"15","North","1","Concrete",,,"1","Element Protect. 2",,,,,"1","Principal",,,"2184","1676","6","43.925"
"00004","4","95","Sub-group 10","Category 5",,"15","North","1","Concrete",,,"1","Element Protect. 2",,,,,"1","Principal",,,"2184","1676","6","43.925"
"00004","13","96","Sub-group 10","Category 5",,"15","North","1","Concrete",,,"1","Element Protect. 2",,,,,"1","Principal",,,"2134","1372","6","35.134"
"00004","6","97","Sub-group 10","Category 5",,"15","North","1","Concrete",,,"1","Element Protect. 2",,,,,"1","Principal",,,"2184","1676","6","43.925"
"00004","7","98","Sub-group 10","Category 5",,"15","North","1","Concrete",,,"1","Element Protect. 2",,,,,"1","Principal",,,"2134","1372","6","35.134"
"00004","8","99","Sub-group 10","Category 5",,"15","North","1","Concrete",,,"1","Element Protect. 2",,,,,"1","Principal",,,"2134","1372","6","35.134"
"00004","9","100","Sub-group 10","Category 5",,"15","North","1","Concrete",,,"1","Element Protect. 2",,,,,"1","Principal",,,"2134","1372","6","35.134"
"00004","10","101","Sub-group 10","Category 5",,"15","North","1","Concrete",,,"1","Element Protect. 2",,,,,"1","Principal",,,"2134","1372","6","35.134"
"00004","11","102","Sub-group 10","Category 5",,"15","North","1","Concrete",,,"1","Element Protect. 2",,,,,"1","Principal",,,"2134","1372","6","35.134"
"00004","12","103","Sub-group 10","Category 5",,"15","North","1","Concrete",,,"1","Element Protect. 2",,,,,"1","Principal",,,"2134","1372","6","35.134"
"00004","13","104","Sub-group 3","Category 9",,"3","West","1","Concrete",,,"1","Element Protect. 2",,,,,"2","Secondary",,,,,"12","12"
"00004","2","105","Sub-group 3","Category 9",,"3","West","1","Concrete",,,"1","Element Protect. 2",,,,,"2","Secondary",,,,,"12","12"
"00004","3","106","Sub-group 3","Category 9",,"3","West","1","Concrete",,,"1","Element Protect. 2",,,,,"2","Secondary",,,,,"12","12"
"00004","12","107","Sub-group 3","Category 9",,"3","West","1","Concrete",,,"1","Element Protect. 2",,,,,"2","Secondary",,,,,"18","18"
"00004","9","108","Sub-group 3","Category 9",,"3","West","1","Concrete",,,"1","Element Protect. 2",,,,,"2","Secondary",,,,,"12","12"
"00004","4","109","Sub-group 3","Category 9",,"3","West","1","Concrete",,,"1","Element Protect. 2",,,,,"2","Secondary",,,,,"12","12"
"00004","1","110","Sub-group 3","Category 9",,"3","West","1","Concrete",,,"1","Element Protect. 2",,,,,"2","Secondary",,,,,"6","6"
"00004","8","111","Sub-group 3","Category 9",,"3","West","1","Concrete",,,"1","Element Protect. 2",,,,,"2","Secondary",,,,,"12","12"
"00004","6","112","Sub-group 3","Category 9",,"3","West","1","Concrete",,,"1","Element Protect. 2",,,,,"2","Secondary",,,,,"6","6"
"00004","5","113","Sub-group 3","Category 9",,"3","West","1","Concrete",,,"1","Element Protect. 2",,,,,"2","Secondary",,,,,"12","12"
"00004","11","114","Sub-group 3","Category 9",,"3","West","1","Concrete",,,"1","Element Protect. 2",,,,,"2","Secondary",,,,,"12","12"
"00006","1","115","Sub-group 2","Category 8",,"14","West","1","Concrete",,,"1","Element Protect. 2",,,,,"2","Secondary",,"18515","1981",,,"36.678"
"00006","2","116","Sub-group 2","Category 8",,"14","West","1","Concrete",,,"1","Element Protect. 2",,,,,"2","Secondary",,"18642","1981",,,"36.93"
"00006","3","117","Sub-group 2","Category 8",,"14","West","1","Concrete",,,"1","Element Protect. 2",,,,,"2","Secondary",,"19736","1981",,,"39.097"
"00006","4","118","Sub-group 2","Category 8",,"14","West","1","Concrete",,,"1","Element Protect. 2",,,,,"2","Secondary",,"18642","1981",,,"36.93"
"00006","5","119","Sub-group 2","Category 8",,"14","West","1","Concrete",,,"1","Element Protect. 2",,,,,"2","Secondary",,"19736","1981",,,"39.097"
"00006","6","120","Sub-group 2","Category 8",,"14","West","1","Concrete",,,"1","Element Protect. 2",,,,,"2","Secondary",,"18642","1981",,,"36.93"
"00006","7","121","Sub-group 2","Category 8",,"14","West","1","Concrete",,,"1","Element Protect. 2",,,,,"2","Secondary",,"18554","1981",,,"36.755"
"00006","1","122","Sub-group 2","Category 8",,"16","East","1","Concrete",,,"1","Element Protect. 2",,,,,"2","Secondary",,"18515","1981",,,"36.678"
"00006","2","123","Sub-group 2","Category 8",,"16","East","1","Concrete",,,"1","Element Protect. 2",,,,,"2","Secondary",,"18642","1981",,,"36.93"
"00006","3","124","Sub-group 2","Category 8",,"16","East","1","Concrete",,,"1","Element Protect. 2",,,,,"2","Secondary",,"19736","1981",,,"39.097"
"00006","4","125","Sub-group 2","Category 8",,"16","East","1","Concrete",,,"1","Element Protect. 2",,,,,"2","Secondary",,"18642","1981",,,"36.93"
"00006","5","126","Sub-group 2","Category 8",,"16","East","1","Concrete",,,"1","Element Protect. 2",,,,,"2","Secondary",,"19736","1981",,,"39.097"
"00006","6","127","Sub-group 2","Category 8",,"16","East","1","Concrete",,,"1","Element Protect. 2",,,,,"2","Secondary",,"18642","1981",,,"36.93"
"00006","7","128","Sub-group 2","Category 8",,"16","East","1","Concrete",,,"1","Element Protect. 2",,,,,"2","Secondary",,"18554","1981",,,"36.755"
"00004","1","129","Sub-group 2","Category 7",,"14","West","1","Concrete",,,"1","Element Protect. 2",,,,,"2","Secondary",,"26681",,,,"26.681"
"00004","2","130","Sub-group 2","Category 7",,"14","West","1","Concrete",,,"1","Element Protect. 2",,,,,"2","Secondary",,"31394",,,,"31.394"
"00004","3","131","Sub-group 2","Category 7",,"14","West","1","Concrete",,,"1","Element Protect. 2",,,,,"2","Secondary",,"31394",,,,"31.394"
"00004","4","132","Sub-group 2","Category 7",,"14","West","1","Concrete",,,"1","Element Protect. 2",,,,,"2","Secondary",,"31394",,,,"31.394"
"00004","5","133","Sub-group 2","Category 7",,"14","West","1","Concrete",,,"1","Element Protect. 2",,,,,"2","Secondary",,"31394",,,,"31.394"
"00004","6","134","Sub-group 2","Category 7",,"14","West","1","Concrete",,,"1","Element Protect. 2",,,,,"2","Secondary",,"19406",,,,"19.406"
"00004","7","135","Sub-group 2","Category 7",,"14","West","1","Concrete",,,"1","Element Protect. 2",,,,,"2","Secondary",,"11175",,,,"11.175"
"00004","8","136","Sub-group 2","Category 7",,"14","West","1","Concrete",,,"1","Element Protect. 2",,,,,"2","Secondary",,"24826",,,,"24.826"
"00004","9","137","Sub-group 2","Category 7",,"14","West","1","Concrete",,,"1","Element Protect. 2",,,,,"2","Secondary",,"24826",,,,"24.826"
"00004","10","138","Sub-group 2","Category 7",,"14","West","1","Concrete",,,"1","Element Protect. 2",,,,,"2","Secondary",,"1511",,,,"1.511"
"00004","11","139","Sub-group 2","Category 7",,"14","West","1","Concrete",,,"1","Element Protect. 2",,,,,"2","Secondary",,"19463",,,,"19.463"
"00004","12","140","Sub-group 2","Category 7",,"14","West","1","Concrete",,,"1","Element Protect. 2",,,,,"2","Secondary",,"28956",,,,"28.956"
"00004","13","141","Sub-group 2","Category 7",,"14","West","1","Concrete",,,"1","Element Protect. 2",,,,,"2","Secondary",,"30162",,,,"30.162"
"00005","1","142","Sub-group 2","Category 7",,"14","West","1","Concrete",,,"1","Element Protect. 2",,,,,"2","Secondary",2016-7-1 0:00:00,"50713",,,,"50.713"
"00005","2","143","Sub-group 2","Category 7",,"14","West","1","Concrete",,,"1","Element Protect. 2",,,,,"2","Secondary",2016-7-1 0:00:00,"32000",,,,"32"
"00005","3","144","Sub-group 2","Category 7",,"14","West","1","Concrete",,,"1","Element Protect. 2",,,,,"2","Secondary",2016-7-1 0:00:00,"33770",,,,"33.77"
"00004","1","145","Sub-group 2","Category 7",,"16","East","1","Concrete",,,"1","Element Protect. 2",,,,,"2","Secondary",,"45431",,,,"45.431"
"00004","2","146","Sub-group 2","Category 7",,"16","East","1","Concrete",,,"1","Element Protect. 2",,,,,"2","Secondary",,"31394",,,,"31.394"
"00004","3","147","Sub-group 2","Category 7",,"16","East","1","Concrete",,,"1","Element Protect. 2",,,,,"2","Secondary",,"31394",,,,"31.394"
"00004","4","148","Sub-group 2","Category 7",,"16","East","1","Concrete",,,"1","Element Protect. 2",,,,,"2","Secondary",,"31394",,,,"31.394"
"00004","5","149","Sub-group 2","Category 7",,"16","East","1","Concrete",,,"1","Element Protect. 2",,,,,"2","Secondary",,"31394",,,,"31.394"
"00004","6","150","Sub-group 2","Category 7",,"16","East","1","Concrete",,,"1","Element Protect. 2",,,,,"2","Secondary",,"19406",,,,"19.406"
"00004","7","151","Sub-group 2","Category 7",,"16","East","1","Concrete",,,"1","Element Protect. 2",,,,,"2","Secondary",,"11175",,,,"11.175"
"00004","8","152","Sub-group 2","Category 7",,"16","East","1","Concrete",,,"1","Element Protect. 2",,,,,"2","Secondary",,"24826",,,,"24.826"
"00004","9","153","Sub-group 2","Category 7",,"16","East","1","Concrete",,,"1","Element Protect. 2",,,,,"2","Secondary",,"24826",,,,"24.826"
"00004","10","154","Sub-group 2","Category 7",,"16","East","1","Concrete",,,"1","Element Protect. 2",,,,,"2","Secondary",,"11750",,,,"11.75"
"00004","11","155","Sub-group 2","Category 7",,"16","East","1","Concrete",,,"1","Element Protect. 2",,,,,"2","Secondary",,"19463",,,,"19.463"
"00004","12","156","Sub-group 2","Category 7",,"16","East","1","Concrete",,,"1","Element Protect. 2",,,,,"2","Secondary",,"28956",,,,"28.956"
"00004","13","157","Sub-group 2","Category 7",,"16","East","1","Concrete",,,"1","Element Protect. 2",,,,,"2","Secondary",,"37982",,,,"37.982"
"00005","1","158","Sub-group 2","Category 7",,"16","East","1","Concrete",,,"1","Element Protect. 2",,,,,"2","Secondary",2016-7-1 0:00:00,"53303",,,,"53.303"
"00005","2","159","Sub-group 2","Category 7",,"16","East","1","Concrete",,,"1","Element Protect. 2",,,,,"2","Secondary",2016-7-1 0:00:00,"32000",,,,"32"
"00005","3","160","Sub-group 2","Category 7",,"16","East","1","Concrete",,,"1","Element Protect. 2",,,,,"2","Secondary",2016-7-1 0:00:00,"34253",,,,"34.253"
"00004","1","161","Sub-group 1","Category 2",,"13","South",,,,,,,,,,,"2","Secondary",,,,,,
"00005","1","162","Sub-group 1","Category 2",,"13","South",,,,,,,,,,,"2","Secondary",,,,,,
"00006","1","163","Sub-group 1","Category 2",,"13","South",,,,,,,,,,,"2","Secondary",,,,,,
"00004","13","164","Sub-group 1","Category 2",,"15","North",,,,,,,,,,,"2","Secondary",,,,,,
"00005","3","165","Sub-group 1","Category 2",,"15","North",,,,,,,,,,,"2","Secondary",,,,,,
"00006","7","166","Sub-group 1","Category 2",,"15","North",,,,,,,,,,,"2","Secondary",,,,,,
"00004","1","167","Sub-group 1","Category 30",,"13","South",,,,,,,,,,,"2","Secondary",,,,,,
"00006","1","168","Sub-group 1","Category 30",,"13","South",,,,,,,,,,,"2","Secondary",,,,,,
"00004","13","169","Sub-group 1","Category 30",,"15","North",,,,,,,,,,,"2","Secondary",,,,,,
"00006","7","170","Sub-group 1","Category 30",,"15","North",,,,,,,,,,,"2","Secondary",,,,,,
"00004","1","171","Sub-group 1","Category 31",,"13","South","1","Concrete",,,,,,,,,"2","Secondary",,,,,,
"00004","13","172","Sub-group 1","Category 31",,"15","North","1","Concrete",,,,,,,,,"2","Secondary",,,,,,
"00004","1","173","Sub-group 1","Category 3",,"13","South","14","Wood-Steel","6","Element Protect.",,,"190","Type 26",,,"2","Secondary",,"30000",,,,"30"
"00005","1","174","Sub-group 1","Category 3",,"13","South","5","Steel","6","Element Protect.",,,"191","Type 27",,,"2","Secondary",,"30000",,,,"30"
"00006","1","175","Sub-group 1","Category 3",,"13","South","14","Wood-Steel","6","Element Protect.",,,"190","Type 26",,,"2","Secondary",,"30000",,,,"30"
"00006","7","176","Sub-group 1","Category 3",,"15","North","14","Wood-Steel","6","Element Protect.",,,"190","Type 26",,,"2","Secondary",,"30000",,,,"30"
"00004","13","177","Sub-group 1","Category 3",,"15","North","14","Wood-Steel","6","Element Protect.",,,"190","Type 26",,,"2","Secondary",,"30000",,,,"30"
"00005","3","178","Sub-group 1","Category 3",,"15","North","14","Wood-Steel","6","Element Protect.",,,"190","Type 26",,,"2","Secondary",,"15000",,,,"15"
"00004","1","179","Sub-group 7","Category 23","1","6","North","1","Concrete",,,"2","Element Protect. 2",,,,,"2","Secondary",,,"14970",,,"14.97"
"00004","6","180","Sub-group 7","Category 23","2","6","North","1","Concrete",,,"2","Element Protect. 2",,,,,"2","Secondary",,,"14934",,,"14.934"
"00004","10","181","Sub-group 7","Category 23","3","6","North","1","Concrete",,,"2","Element Protect. 2",,,,,"2","Secondary",,,"19392",,,"19.392"
"00006","1","182","Sub-group 7","Category 23","1","6","North","1","Concrete",,,"1","Element Protect. 2",,,,,"2","Secondary",,,"19812",,,"19.812"
"00006","7","183","Sub-group 7","Category 23","2","6","North","1","Concrete",,,"1","Element Protect. 2",,,,,"2","Secondary",,,"19812",,,"19.812"
"00004","1","184","Sub-group 7","Category 22","1","6","North",,,,,,,"306","Type 1",,,"2","Secondary",,,"14970",,,"14.97"
"00004","6","185","Sub-group 7","Category 22","2","6","North",,,,,,,"306","Type 1",,,"2","Secondary",,,"14934",,,"14.934"
"00004","10","186","Sub-group 7","Category 22","3","6","North",,,,,,,"306","Type 1",,,"2","Secondary",,,"19392",,,"19.392"
"00006","1","187","Sub-group 7","Category 22","1","6","North",,,,,,,"306","Type 1",,,"2","Secondary",,,"19812",,,"19.812"
"00006","7","188","Sub-group 7","Category 22","2","6","North",,,,,,,"306","Type 1",,,"2","Secondary",,,"19812",,,"19.812"
"00004","13","189","Sub-group 5","Category 17","10",,,,,,,,,"203","Type 9",,,"1","Principal",,,,,"7","7"
"00005","3","190","Sub-group 5","Category 17","2",,,,,,,,,"203","Type 9",,,"1","Principal",,,,,"6","6"
"00006","7","191","Sub-group 5","Category 17","8",,,,,,,,,"202","Type 8",,,"1","Principal",,,,,"7","7"
"00004","1","192","Sub-group 5","Category 17","1",,,,,,,,,"202","Type 8",,,"1","Principal",,,,,"7","7"
"00005","1","193","Sub-group 5","Category 17","1",,,,,,,,,"203","Type 9",,,"1","Principal",,,,,"6","6"
"00006","1","194","Sub-group 5","Category 17","1",,,,,,,,,"212","Type 3",,,"1","Principal",,,,,"7","7"
"00006","3","195","Sub-group 8","Category 16","4",,,"1","Concrete","8","Element Protect.","1","Element Protect. 2",,,,,"1","Principal",,"508","15240",,,"7.742"
"00006","1","196","Sub-group 8","Category 16","2",,,"1","Concrete","8","Element Protect.","1","Element Protect. 2",,,,,"1","Principal",,"508","15240",,,"7.742"
"00006","6","197","Sub-group 8","Category 16","7",,,"1","Concrete","8","Element Protect.","1","Element Protect. 2",,,,,"1","Principal",,"508","15240",,,"7.742"
"00006","5","198","Sub-group 8","Category 16","6",,,"1","Concrete","8","Element Protect.","1","Element Protect. 2",,,,,"1","Principal",,"508","15240",,,"7.742"
"00006","4","199","Sub-group 8","Category 16","5",,,"1","Concrete","8","Element Protect.","1","Element Protect. 2",,,,,"1","Principal",,"508","15240",,,"7.742"
"00006","2","200","Sub-group 8","Category 16","3",,,"1","Concrete","8","Element Protect.","1","Element Protect. 2",,,,,"1","Principal",,"508","15240",,,"7.742"
"00004","5","201","Sub-group 8","Category 16","6",,,"1","Concrete",,,"1","Element Protect. 2",,,,,"1","Principal",,"1219","6096",,,"7.431"
"00004","7","202","Sub-group 8","Category 16","8",,,"1","Concrete",,,"1","Element Protect. 2",,,,,"1","Principal",2008-10-14 0:00:00,"1219","6096",,,"7.431"
"00004","1","203","Sub-group 8","Category 19","2",,,"1","Concrete",,,"1","Element Protect. 2",,,,,"1","Principal",2008-9-9 0:00:00,,,,"7","7"
"00004","10","204","Sub-group 8","Category 19","8",,,"1","Concrete",,,"1","Element Protect. 2",,,,,"1","Principal",2008-9-9 0:00:00,,,,"7","7"
"00004","10","205","Sub-group 8","Category 19","9",,,"1","Concrete",,,"1","Element Protect. 2",,,,,"1","Principal",2008-9-9 0:00:00,,,,"7","7"
"00004","6","206","Sub-group 8","Category 19","5",,,"1","Concrete",,,"1","Element Protect. 2",,,,,"1","Principal",2008-9-9 0:00:00,,,,"7","7"
"00004","6","207","Sub-group 8","Category 19","4",,,"1","Concrete",,,"1","Element Protect. 2",,,,,"1","Principal",2008-9-9 0:00:00,,,,"7","7"
"00004","8","208","Sub-group 8","Category 16","9",,,"1","Concrete",,,"1","Element Protect. 2",,,,,"1","Principal",2008-10-14 0:00:00,"1219","6096",,,"7.431"
"00004","1","209","Sub-group 8","Category 17","2",,,,,,,,,"203","Type 9",,,"1","Principal",,,,,"7","7"
"00004","5","210","Sub-group 8","Category 17","3",,,,,,,,,"203","Type 9",,,"1","Principal",,,,,"18","18"
"00004","6","211","Sub-group 8","Category 17","4",,,,,,,,,"202","Type 8",,,"1","Principal",,,,,"7","7"
"00004","6","212","Sub-group 8","Category 17","5",,,,,,,,,"202","Type 8",,,"1","Principal",,,,,"7","7"
"00004","7","213","Sub-group 8","Category 17","6",,,,,,,,,"211","Type 2",,,"1","Principal",2008-10-14 0:00:00,,,,"7","7"
"00004","8","214","Sub-group 8","Category 17","7",,,,,,,,,"211","Type 2",,,"1","Principal",2008-10-14 0:00:00,,,,"7","7"
"00004","10","215","Sub-group 8","Category 17","8",,,,,,,,,"203","Type 9",,,"1","Principal",,,,,"7","7"
"00004","10","216","Sub-group 8","Category 17","9",,,,,,,,,"203","Type 9",,,"1","Principal",,,,,"7","7"
"00006","1","217","Sub-group 8","Category 17","2",,,,,,,,,"202","Type 8",,,"1","Principal",,,,,"7","7"
"00006","2","218","Sub-group 8","Category 17","3",,,,,,,,,"203","Type 9",,,"1","Principal",,,,,"7","7"
"00006","3","219","Sub-group 8","Category 17","4",,,,,,,,,"203","Type 9",,,"1","Principal",,,,,"7","7"
"00006","4","220","Sub-group 8","Category 17","5",,,,,,,,,"203","Type 9",,,"1","Principal",,,,,"7","7"
"00006","5","221","Sub-group 8","Category 17","6",,,,,,,,,"203","Type 9",,,"1","Principal",,,,,"7","7"
"00006","6","222","Sub-group 8","Category 17","7",,,,,,,,,"202","Type 8",,,"1","Principal",,,,,"7","7"
"00004","1","223","Sub-group 9","Category 27",,,,,,,,"1","Element Protect. 2","21","Type 7","30","Nul","1","Principal",,"18631","14934",,,"278.235"
"00004","2","224","Sub-group 9","Category 27",,,,,,,,"1","Element Protect. 2","21","Type 7","30","Nul","1","Principal",,"31394","14934",,,"468.838"
"00004","3","225","Sub-group 9","Category 27",,,,,,,,"1","Element Protect. 2","21","Type 7","30","Nul","1","Principal",,"31394","14934",,,"468.838"
"00004","4","226","Sub-group 9","Category 27",,,,,,,,"1","Element Protect. 2","21","Type 7","30","Nul","1","Principal",,"31394","14934",,,"468.838"
"00004","5","227","Sub-group 9","Category 27",,,,,,,,"1","Element Protect. 2","21","Type 7","30","Nul","1","Principal",,"31394","14934",,,"468.838"
"00004","6","228","Sub-group 9","Category 27",,,,,,,,"1","Element Protect. 2","21","Type 7","30","Nul","1","Principal",,"19406","14934",,,"289.809"
"00004","7","229","Sub-group 9","Category 27",,,,,,,,"1","Element Protect. 2","21","Type 7","30","Nul","1","Principal",,"11175","14934",,,"166.887"
"00004","8","230","Sub-group 9","Category 27",,,,,,,,"1","Element Protect. 2","21","Type 7","30","Nul","1","Principal",,"24826","14934",,,"370.751"
"00004","9","231","Sub-group 9","Category 27",,,,,,,,"1","Element Protect. 2","21","Type 7","30","Nul","1","Principal",,"24826","14934",,,"370.751"
"00004","10","232","Sub-group 9","Category 27",,,,,,,,"1","Element Protect. 2","21","Type 7","30","Nul","1","Principal",,"10987","14934",,,"164.08"
"00004","11","233","Sub-group 9","Category 27",,,,,,,,"1","Element Protect. 2","21","Type 7","30","Nul","1","Principal",,"19463","14934",,,"290.66"
"00004","12","234","Sub-group 9","Category 27",,,,,,,,"1","Element Protect. 2","21","Type 7","30","Nul","1","Principal",,"28956","14934",,,"432.429"
"00004","13","235","Sub-group 9","Category 27",,,,,,,,"1","Element Protect. 2","21","Type 7","30","Nul","1","Principal",,"20232","14934",,,"302.145"
"00005","1","236","Sub-group 9","Category 27",,,,,,"12","Element Protect.","1","Element Protect. 2","21","Type 7","30","Nul","1","Principal",,"23585","12802",,,"301.935"
"00005","2","237","Sub-group 9","Category 27",,,,,,"12","Element Protect.","1","Element Protect. 2","21","Type 7","30","Nul","1","Principal",,"32000","12802",,,"409.664"
"00005","3","238","Sub-group 9","Category 27",,,,,,"12","Element Protect.","1","Element Protect. 2","21","Type 7","30","Nul","1","Principal",,"23585","12802",,,"301.935"
"00006","1","239","Sub-group 9","Category 27",,,,,,,,"8","Element Protect. 2","21","Type 7","30","Nul","1","Principal",,"15315","19507",,,"298.75"
"00006","2","240","Sub-group 9","Category 27",,,,,,,,"8","Element Protect. 2","21","Type 7","30","Nul","1","Principal",,"18642","19507",,,"363.649"
"00006","3","241","Sub-group 9","Category 27",,,,,,,,"8","Element Protect. 2","21","Type 7","30","Nul","1","Principal",,"19736","19507",,,"384.99"
"00006","4","242","Sub-group 9","Category 27",,,,,,,,"8","Element Protect. 2","21","Type 7","30","Nul","1","Principal",,"18642","19507",,,"363.649"
"00006","5","243","Sub-group 9","Category 27",,,,,,,,"8","Element Protect. 2","21","Type 7","30","Nul","1","Principal",,"19736","19507",,,"384.99"
"00006","6","244","Sub-group 9","Category 27",,,,,,,,"8","Element Protect. 2","21","Type 7","30","Nul","1","Principal",,"18642","19507",,,"363.649"
"00006","7","245","Sub-group 9","Category 27",,,,,,,,"8","Element Protect. 2","21","Type 7","30","Nul","1","Principal",,"15354","19507",,,"299.51"
"00006","1","246","Sub-group 5","Category 18","1",,,"1","Concrete","8","Element Protect.","1","Element Protect. 2",,,,,"2","Secondary",,,"19500","750",,"14.625"
"00004","1","247","Sub-group 5","Category 18","1",,,"1","Concrete",,,"1","Element Protect. 2",,,,,"2","Secondary",,,"13400","2275",,"30.485"
"00004","13","248","Sub-group 5","Category 18","14",,,"1","Concrete",,,"1","Element Protect. 2",,,,,"2","Secondary",,,"28195","1400",,"39.473"
"00005","3","249","Sub-group 5","Category 18","4",,,"1","Concrete",,,"1","Element Protect. 2",,,,,"2","Secondary",,,"23025","1500",,"34.538"
"00006","7","250","Sub-group 5","Category 18","8",,,"1","Concrete","8","Element Protect.","1","Element Protect. 2",,,,,"2","Secondary",,,"20117","750",,"15.088"
"00005","1","251","Sub-group 5","Category 18","1",,,"1","Concrete",,,"1","Element Protect. 2",,,,,"2","Secondary",,,"28276","1550",,"43.828"
"00005","3","252","Sub-group 5","Category 19","2",,,"1","Concrete",,,"1","Element Protect. 2",,,,,"1","Principal",2008-8-18 0:00:00,,,,"6","6"
"00006","7","253","Sub-group 5","Category 16","8",,,"1","Concrete","8","Element Protect.","1","Element Protect. 2",,,,,"1","Principal",,"1016","20117",,,"20.439"
"00005","1","254","Sub-group 5","Category 19","1",,,"1","Concrete",,,"1","Element Protect. 2",,,,,"1","Principal",2008-8-18 0:00:00,,,,"6","6"
"00004","1","255","Sub-group 5","Category 19","1",,,"1","Concrete",,,"1","Element Protect. 2",,,,,"1","Principal",2008-9-9 0:00:00,,,,"7","7"
"00004","13","256","Sub-group 5","Category 19","11",,,"1","Concrete",,,"1","Element Protect. 2",,,,,"1","Principal",2008-9-9 0:00:00,,,,"7","7"
"00006","1","257","Sub-group 5","Category 16","1",,,"1","Concrete","8","Element Protect.","1","Element Protect. 2",,,,,"1","Principal",,"1100","19500",,,"21.45"
"00006","1","258","Sub-group 5","Category 15","1",,,"1","Concrete","8","Element Protect.","1","Element Protect. 2","775","Type 17",,,"2","Secondary",,"3200",,"700",,"2.24"
"00004","1","259","Sub-group 5","Category 15","1",,,"1","Concrete",,,"1","Element Protect. 2","898","Type 14",,,"2","Secondary",,"8050",,"1250",,"10.063"
"00005","1","260","Sub-group 5","Category 15","1",,,"1","Concrete",,,"1","Element Protect. 2","775","Type 17",,,"2","Secondary",,"27128",,"1600",,"43.405"
"00006","1","261","Sub-group 5","Category 15","2",,,"1","Concrete","8","Element Protect.","1","Element Protect. 2","775","Type 17",,,"2","Secondary",,"3200",,"700",,"2.24"
"00004","1","262","Sub-group 5","Category 15","2",,,"1","Concrete",,,"1","Element Protect. 2","898","Type 14",,,"2","Secondary",,"26822",,"2000",,"53.644"
"00005","1","263","Sub-group 5","Category 15","2",,,"1","Concrete",,,"1","Element Protect. 2","775","Type 17",,,"2","Secondary",,"29718",,"1450",,"43.091"
"00004","13","264","Sub-group 5","Category 15","3",,,"1","Concrete",,,"1","Element Protect. 2","898","Type 14",,,"2","Secondary",,"9930",,"1700",,"16.881"
"00005","3","265","Sub-group 5","Category 15","3",,,"1","Concrete",,,"1","Element Protect. 2","775","Type 17",,,"2","Secondary",,"10185",,"915",,"9.319"
"00006","7","266","Sub-group 5","Category 15","3",,,"1","Concrete","8","Element Protect.","1","Element Protect. 2","775","Type 17",,,"2","Secondary",,"3200",,"915",,"2.928"
"00006","7","267","Sub-group 5","Category 15","4",,,"1","Concrete","8","Element Protect.","1","Element Protect. 2","775","Type 17",,,"2","Secondary",,"3200",,"915",,"2.928"
"00005","3","268","Sub-group 5","Category 15","4",,,"1","Concrete",,,"1","Element Protect. 2","775","Type 17",,,"2","Secondary",,"10668",,"1050",,"11.201"
"00004","13","269","Sub-group 5","Category 15","4",,,"1","Concrete",,,"1","Element Protect. 2","898","Type 14",,,"2","Secondary",,"17678",,"1350",,"23.865"
"00004","1","270","Sub-group 9","Category 28",,,,"11","Asphalt",,,,,,,,,"2","Secondary",,"18631","13410","1",,"249.842"
"00004","2","271","Sub-group 9","Category 28",,,,"11","Asphalt",,,,,,,,,"2","Secondary",,"31394","13410","1",,"420.994"
"00004","3","272","Sub-group 9","Category 28",,,,"11","Asphalt",,,,,,,,,"2","Secondary",,"31394","13410","1",,"420.994"
"00004","4","273","Sub-group 9","Category 28",,,,"11","Asphalt",,,,,,,,,"2","Secondary",,"31394","13410","1",,"420.994"
"00004","5","274","Sub-group 9","Category 28",,,,"11","Asphalt",,,,,,,,,"2","Secondary",,"31394","13410","1",,"420.994"
"00004","6","275","Sub-group 9","Category 28",,,,"11","Asphalt",,,,,,,,,"2","Secondary",,"19406","13410","1",,"260.234"
"00004","7","276","Sub-group 9","Category 28",,,,"11","Asphalt",,,,,,,,,"2","Secondary",,"11175","13410","1",,"149.857"
"00004","8","277","Sub-group 9","Category 28",,,,"11","Asphalt",,,,,,,,,"2","Secondary",,"24826","13410","1",,"332.917"
"00004","9","278","Sub-group 9","Category 28",,,,"11","Asphalt",,,,,,,,,"2","Secondary",,"24826","13410","1",,"332.917"
"00004","10","279","Sub-group 9","Category 28",,,,"11","Asphalt",,,,,,,,,"2","Secondary",,"10987","13410","1",,"147.336"
"00004","11","280","Sub-group 9","Category 28",,,,"11","Asphalt",,,,,,,,,"2","Secondary",,"19463","13410","1",,"260.999"
"00004","12","281","Sub-group 9","Category 28",,,,"11","Asphalt",,,,,,,,,"2","Secondary",,"28956","13410","1",,"388.3"
"00004","13","282","Sub-group 9","Category 28",,,,"11","Asphalt",,,,,,,,,"2","Secondary",,"20232","13410","1",,"271.311"
"00005","1","283","Sub-group 9","Category 28",,,,"11","Asphalt",,,,,,,,,"2","Secondary",,"23585","12802","1",,"301.935"
"00005","2","284","Sub-group 9","Category 28",,,,"11","Asphalt",,,,,,,,,"2","Secondary",,"32000","12802","1",,"409.664"
"00005","3","285","Sub-group 9","Category 28",,,,"11","Asphalt",,,,,,,,,"2","Secondary",,"23585","12800","1",,"301.888"
"00006","1","286","Sub-group 9","Category 28",,,,"11","Asphalt",,,,,,,,,"2","Secondary",,"15315","15850","75",,"242.743"
"00006","2","287","Sub-group 9","Category 28",,,,"11","Asphalt",,,,,,,,,"2","Secondary",,"18642","15850","75",,"295.476"
"00006","3","288","Sub-group 9","Category 28",,,,"11","Asphalt",,,,,,,,,"2","Secondary",,"19736","15850","75",,"312.816"
"00006","4","289","Sub-group 9","Category 28",,,,"11","Asphalt",,,,,,,,,"2","Secondary",,"18642","15850","75",,"295.476"
"00006","5","290","Sub-group 9","Category 28",,,,"11","Asphalt",,,,,,,,,"2","Secondary",,"19736","15850","75",,"312.816"
"00006","6","291","Sub-group 9","Category 28",,,,"11","Asphalt",,,,,,,,,"2","Secondary",,"18642","15850","75",,"295.476"
"00006","7","292","Sub-group 9","Category 28",,,,"11","Asphalt",,,,,,,,,"2","Secondary",,"15354","15850","75",,"243.361"
"00004","1","293","Sub-group 9","Category 29",,"14","West","1","Concrete",,,"1","Element Protect. 2",,,,,"1","Principal",,"18631","762","190",,"17.737"
"00004","2","294","Sub-group 9","Category 29",,"14","West","1","Concrete",,,"1","Element Protect. 2",,,,,"1","Principal",,"31394","762","190",,"29.887"
"00004","3","295","Sub-group 9","Category 29",,"14","West","1","Concrete",,,"1","Element Protect. 2",,,,,"1","Principal",,"31394","762","190",,"29.887"
"00004","4","296","Sub-group 9","Category 29",,"14","West","1","Concrete",,,"1","Element Protect. 2",,,,,"1","Principal",,"31394","762","190",,"29.887"
"00004","5","297","Sub-group 9","Category 29",,"14","West","1","Concrete",,,"1","Element Protect. 2",,,,,"1","Principal",,"31394","762","190",,"29.887"
"00004","6","298","Sub-group 9","Category 29",,"14","West","1","Concrete",,,"1","Element Protect. 2",,,,,"1","Principal",,"19406","762","190",,"18.475"
"00004","7","299","Sub-group 9","Category 29",,"14","West","1","Concrete",,,"1","Element Protect. 2",,,,,"1","Principal",,"11175","762","190",,"10.639"
"00004","8","300","Sub-group 9","Category 29",,"14","West","1","Concrete",,,"1","Element Protect. 2",,,,,"1","Principal",,"24826","762","190",,"23.634"
"00004","9","301","Sub-group 9","Category 29",,"14","West","1","Concrete",,,"1","Element Protect. 2",,,,,"1","Principal",,"24826","762","190",,"23.634"
"00004","10","302","Sub-group 9","Category 29",,"14","West","1","Concrete",,,"1","Element Protect. 2",,,,,"1","Principal",,"10987","762","190",,"10.46"
"00004","11","303","Sub-group 9","Category 29",,"14","West","1","Concrete",,,"1","Element Protect. 2",,,,,"1","Principal",,"19463","1003","190",,"23.219"
"00004","12","304","Sub-group 9","Category 29",,"14","West","1","Concrete",,,"1","Element Protect. 2",,,,,"1","Principal",,"28956","1003","190",,"34.545"
"00004","13","305","Sub-group 9","Category 29",,"14","West","1","Concrete",,,"1","Element Protect. 2",,,,,"1","Principal",,"20232","1003","190",,"24.137"
"00005","1","306","Sub-group 9","Category 29",,"14","West","1","Concrete",,,"1","Element Protect. 2",,,,,"1","Principal",,"23585","1000","815",,"42.807"
"00005","2","307","Sub-group 9","Category 29",,"14","West","1","Concrete",,,"1","Element Protect. 2",,,,,"1","Principal",,"32000","1000","815",,"58.08"
"00005","3","308","Sub-group 9","Category 29",,"14","West","1","Concrete",,,"1","Element Protect. 2",,,,,"1","Principal",,"23585","1000","815",,"42.807"
"00006","1","309","Sub-group 9","Category 29",,"14","West","1","Concrete","8","Element Protect.","8","Element Protect. 2",,,,,"1","Principal",,"15315","450","762",,"18.562"
"00006","2","310","Sub-group 9","Category 29",,"14","West","1","Concrete","8","Element Protect.","8","Element Protect. 2",,,,,"1","Principal",,"18642","450","762",,"22.594"
"00006","3","311","Sub-group 9","Category 29",,"14","West","1","Concrete",,,"8","Element Protect. 2",,,,,"1","Principal",,"19736","450","762",,"23.92"
"00006","4","312","Sub-group 9","Category 29",,"14","West","1","Concrete","8","Element Protect.","8","Element Protect. 2",,,,,"1","Principal",,"18642","450","762",,"22.594"
"00006","5","313","Sub-group 9","Category 29",,"14","West","1","Concrete","8","Element Protect.","8","Element Protect. 2",,,,,"1","Principal",,"19736","450","762",,"23.92"
"00006","6","314","Sub-group 9","Category 29",,"14","West","1","Concrete","8","Element Protect.","8","Element Protect. 2",,,,,"1","Principal",,"18642","450","762",,"22.594"
"00006","7","315","Sub-group 9","Category 29",,"14","West","1","Concrete","8","Element Protect.","8","Element Protect. 2",,,,,"1","Principal",,"15354","450","762",,"18.609"
"00004","1","316","Sub-group 9","Category 29",,"16","East","1","Concrete",,,"1","Element Protect. 2",,,,,"1","Principal",,"18631","762","190",,"17.737"
"00004","2","317","Sub-group 9","Category 29",,"16","East","1","Concrete",,,"1","Element Protect. 2",,,,,"1","Principal",,"31394","762","190",,"29.887"
"00004","3","318","Sub-group 9","Category 29",,"16","East","1","Concrete",,,"1","Element Protect. 2",,,,,"1","Principal",,"31394","762","190",,"29.887"
"00004","4","319","Sub-group 9","Category 29",,"16","East","1","Concrete",,,"1","Element Protect. 2",,,,,"1","Principal",,"31394","762","190",,"29.887"
"00004","5","320","Sub-group 9","Category 29",,"16","East","1","Concrete",,,"1","Element Protect. 2",,,,,"1","Principal",,"31394","762","190",,"29.887"
"00004","6","321","Sub-group 9","Category 29",,"16","East","1","Concrete",,,"1","Element Protect. 2",,,,,"1","Principal",,"19406","762","190",,"18.475"
"00004","7","322","Sub-group 9","Category 29",,"16","East","1","Concrete",,,"1","Element Protect. 2",,,,,"1","Principal",,"11175","762","190",,"10.639"
"00004","8","323","Sub-group 9","Category 29",,"16","East","1","Concrete",,,"1","Element Protect. 2",,,,,"1","Principal",,"24826","762","190",,"23.634"
"00004","9","324","Sub-group 9","Category 29",,"16","East","1","Concrete",,,"1","Element Protect. 2",,,,,"1","Principal",,"24826","762","190",,"23.634"
"00004","10","325","Sub-group 9","Category 29",,"16","East","1","Concrete",,,"1","Element Protect. 2",,,,,"1","Principal",,"10987","762","190",,"10.46"
"00004","11","326","Sub-group 9","Category 29",,"16","East","1","Concrete",,,"1","Element Protect. 2",,,,,"1","Principal",,"19463","1003","190",,"23.219"
"00004","12","327","Sub-group 9","Category 29",,"16","East","1","Concrete",,,"1","Element Protect. 2",,,,,"1","Principal",,"28956","1003","190",,"34.545"
"00004","13","328","Sub-group 9","Category 29",,"16","East","1","Concrete",,,"1","Element Protect. 2",,,,,"1","Principal",,"20232","1003","190",,"24.137"
"00005","1","329","Sub-group 9","Category 29",,"16","East","1","Concrete",,,"1","Element Protect. 2",,,,,"1","Principal",,"23585","1000","815",,"42.807"
"00005","2","330","Sub-group 9","Category 29",,"16","East","1","Concrete",,,"1","Element Protect. 2",,,,,"1","Principal",,"32000","1000","815",,"58.08"
"00005","3","331","Sub-group 9","Category 29",,"16","East","1","Concrete",,,"1","Element Protect. 2",,,,,"1","Principal",,"23585","1000","815",,"42.807"
"00006","1","332","Sub-group 9","Category 29",,"16","East","1","Concrete","8","Element Protect.","8","Element Protect. 2",,,,,"1","Principal",,"15315","450","762",,"18.562"
"00006","2","333","Sub-group 9","Category 29",,"16","East","1","Concrete","8","Element Protect.","8","Element Protect. 2",,,,,"1","Principal",,"18642","450","762",,"22.594"
"00006","3","334","Sub-group 9","Category 29",,"16","East","1","Concrete",,,"8","Element Protect. 2",,,,,"1","Principal",,"19736","450","762",,"23.92"
"00006","4","335","Sub-group 9","Category 29",,"16","East","1","Concrete","8","Element Protect.","8","Element Protect. 2",,,,,"1","Principal",,"18642","450","762",,"22.594"
"00006","5","336","Sub-group 9","Category 29",,"16","East","1","Concrete","8","Element Protect.","8","Element Protect. 2",,,,,"1","Principal",,"19736","450","762",,"23.92"
"00006","6","337","Sub-group 9","Category 29",,"16","East","1","Concrete","8","Element Protect.","8","Element Protect. 2",,,,,"1","Principal",,"18642","450","762",,"22.594"
"00006","7","338","Sub-group 9","Category 29",,"16","East","1","Concrete","8","Element Protect.","8","Element Protect. 2",,,,,"1","Principal",,"15354","450","762",,"18.609"
"00004","9","339","Sub-group 10","Category 4","1",,,"1","Concrete",,,"1","Element Protect. 2","7","Type 6","40","Nul","1","Principal",,"24826","2134","1372",,"121.101"
"00005","2","340","Sub-group 10","Category 4","1",,,"1","Concrete",,,"1","Element Protect. 2","7","Type 6","40","Nul","1","Principal",,"32000","2553","1486",,"176.8"
"00004","10","341","Sub-group 10","Category 4","6",,,"1","Concrete",,,"1","Element Protect. 2","7","Type 6","40","Nul","1","Principal",,"10987","2134","1372",,"53.595"
"00004","10","342","Sub-group 10","Category 4","1",,,"1","Concrete",,,"1","Element Protect. 2","7","Type 6","40","Nul","1","Principal",,"10987","2134","1372",,"53.595"
"00004","10","343","Sub-group 10","Category 4","2",,,"1","Concrete",,,"1","Element Protect. 2","7","Type 6","40","Nul","1","Principal",,"10987","2134","1372",,"53.595"
"00004","10","344","Sub-group 10","Category 4","3",,,"1","Concrete",,,"1","Element Protect. 2","7","Type 6","40","Nul","1","Principal",,"10987","2134","1372",,"53.595"
"00004","10","345","Sub-group 10","Category 4","5",,,"1","Concrete",,,"1","Element Protect. 2","7","Type 6","40","Nul","1","Principal",,"10987","2134","1372",,"53.595"
"00004","10","346","Sub-group 10","Category 4","4",,,"1","Concrete",,,"1","Element Protect. 2","7","Type 6","40","Nul","1","Principal",,"10987","2134","1372",,"53.595"
"00004","11","347","Sub-group 10","Category 4","1",,,"1","Concrete",,,"1","Element Protect. 2","7","Type 6","40","Nul","1","Principal",,"19463","2134","1372",,"94.941"
"00004","12","348","Sub-group 10","Category 4","1",,,"1","Concrete",,,"1","Element Protect. 2","7","Type 6","40","Nul","1","Principal",,"28956","2134","1372",,"141.247"
"00004","8","349","Sub-group 10","Category 4","1",,,"1","Concrete",,,"1","Element Protect. 2","7","Type 6","40","Nul","1","Principal",,"24826","2134","1372",,"121.101"
"00004","4","350","Sub-group 10","Category 4","1",,,"1","Concrete",,,"1","Element Protect. 2","7","Type 6","40","Nul","1","Principal",,"31394","2184","1676",,"173.797"
"00005","1","351","Sub-group 10","Category 4","3",,,"1","Concrete",,,"1","Element Protect. 2","7","Type 6","40","Nul","1","Principal",,"23585","2438","1486",,"127.595"
"00005","1","352","Sub-group 10","Category 4","2",,,"1","Concrete",,,"1","Element Protect. 2","7","Type 6","40","Nul","1","Principal",,"23585","2438","1486",,"127.595"
"00005","1","353","Sub-group 10","Category 4","4",,,"1","Concrete",,,"1","Element Protect. 2","7","Type 6","40","Nul","1","Principal",,"23585","2438","1486",,"127.595"
"00005","1","354","Sub-group 10","Category 4","5",,,"1","Concrete",,,"1","Element Protect. 2","7","Type 6","40","Nul","1","Principal",,"23585","2553","1486",,"130.307"
"00005","1","355","Sub-group 10","Category 4","1",,,"1","Concrete",,,"1","Element Protect. 2","7","Type 6","40","Nul","1","Principal",,"23585","2553","1486",,"130.307"
"00004","6","356","Sub-group 10","Category 4","1",,,"1","Concrete",,,"1","Element Protect. 2","7","Type 6","40","Nul","1","Principal",,"19406","2184","1676",,"107.432"
"00004","2","357","Sub-group 10","Category 4","2",,,"1","Concrete",,,"1","Element Protect. 2","7","Type 6","40","Nul","1","Principal",,"31394","2184","1676",,"173.797"
"00004","2","358","Sub-group 10","Category 4","1",,,"1","Concrete",,,"1","Element Protect. 2","7","Type 6","40","Nul","1","Principal",,"31394","2184","1676",,"173.797"
"00004","3","359","Sub-group 10","Category 4","1",,,"1","Concrete",,,"1","Element Protect. 2","7","Type 6","40","Nul","1","Principal",,"31394","2184","1676",,"173.797"
"00005","3","360","Sub-group 10","Category 4","1",,,"1","Concrete",,,"1","Element Protect. 2","7","Type 6","40","Nul","1","Principal",,"23585","2553","1486",,"130.307"
"00004","5","361","Sub-group 10","Category 4","1",,,"1","Concrete",,,"1","Element Protect. 2","7","Type 6","40","Nul","1","Principal",,"31394","2184","1676",,"173.797"
"00004","7","362","Sub-group 10","Category 4","1",,,"1","Concrete",,,"1","Element Protect. 2","7","Type 6","40","Nul","1","Principal",,"11175","2134","1372",,"54.512"
"00004","13","363","Sub-group 10","Category 4","1",,,"1","Concrete",,,"1","Element Protect. 2","7","Type 6","40","Nul","1","Principal",,"20232","2134","1372",,"98.692"
"00004","11","364","Sub-group 6","Category 20",,"14","West","5","Steel","6","Element Protect.",,,"114","Type 16","61","Nul","2","Secondary",,"19463",,,,"19.463"
"00004","2","365","Sub-group 6","Category 20",,"14","West","5","Steel","6","Element Protect.",,,"114","Type 16","61","Nul","2","Secondary",,"31394",,,,"31.394"
"00004","3","366","Sub-group 6","Category 20",,"14","West","5","Steel","6","Element Protect.",,,"114","Type 16","61","Nul","2","Secondary",,"31394",,,,"31.394"
"00004","9","367","Sub-group 6","Category 20",,"14","West","5","Steel","6","Element Protect.",,,"114","Type 16","61","Nul","2","Secondary",,"24826",,,,"24.826"
"00004","4","368","Sub-group 6","Category 20",,"14","West","5","Steel","6","Element Protect.",,,"114","Type 16","61","Nul","2","Secondary",,"31394",,,,"31.394"
"00004","5","369","Sub-group 6","Category 20",,"14","West","5","Steel","6","Element Protect.",,,"114","Type 16","61","Nul","2","Secondary",,"31394",,,,"31.394"
"00004","6","370","Sub-group 6","Category 20",,"14","West","5","Steel","6","Element Protect.",,,"114","Type 16","61","Nul","2","Secondary",,"19406",,,,"19.406"
"00004","7","371","Sub-group 6","Category 20",,"14","West","5","Steel","6","Element Protect.",,,"114","Type 16","61","Nul","2","Secondary",,"11175",,,,"11.175"
"00004","8","372","Sub-group 6","Category 20",,"14","West","5","Steel","6","Element Protect.",,,"114","Type 16","61","Nul","2","Secondary",,"24826",,,,"24.826"
"00004","10","373","Sub-group 6","Category 20",,"14","West","5","Steel","6","Element Protect.",,,"114","Type 16","61","Nul","2","Secondary",,"1511",,,,"1.511"
"00004","12","374","Sub-group 6","Category 20",,"14","West","5","Steel","6","Element Protect.",,,"114","Type 16","61","Nul","2","Secondary",,"28956",,,,"28.956"
"00004","13","375","Sub-group 6","Category 20",,"14","West","5","Steel","6","Element Protect.",,,"114","Type 16","61","Nul","2","Secondary",,"30162",,,,"30.162"
"00004","1","376","Sub-group 6","Category 20",,"14","West","5","Steel","6","Element Protect.",,,"114","Type 16","61","Nul","2","Secondary",,"26681",,,,"26.681"
"00005","2","377","Sub-group 6","Category 20",,"14","West","5","Steel","6","Element Protect.",,,"114","Type 16","61","Nul","2","Secondary",2016-7-1 0:00:00,"32000",,,,"32"
"00005","3","378","Sub-group 6","Category 20",,"14","West","5","Steel","6","Element Protect.",,,"114","Type 16","61","Nul","2","Secondary",2016-7-1 0:00:00,"33770",,,,"33.77"
"00005","1","379","Sub-group 6","Category 20",,"14","West","5","Steel","6","Element Protect.",,,"114","Type 16","61","Nul","2","Secondary",2016-7-1 0:00:00,"50713",,,,"50.713"
"00006","2","380","Sub-group 6","Category 20",,"14","West","5","Steel","6","Element Protect.",,,"123","Type 21","61","Nul","2","Secondary",,"18642",,,,"18.642"
"00006","3","381","Sub-group 6","Category 20",,"14","West","5","Steel","6","Element Protect.",,,"123","Type 21","61","Nul","2","Secondary",,"19736",,,,"19.736"
"00006","4","382","Sub-group 6","Category 20",,"14","West","5","Steel","6","Element Protect.",,,"123","Type 21","61","Nul","2","Secondary",,"18642",,,,"18.642"
"00006","5","383","Sub-group 6","Category 20",,"14","West","5","Steel","6","Element Protect.",,,"123","Type 21","61","Nul","2","Secondary",,"19736",,,,"19.736"
"00006","6","384","Sub-group 6","Category 20",,"14","West","5","Steel","6","Element Protect.",,,"123","Type 21","61","Nul","2","Secondary",,"18642",,,,"18.642"
"00006","7","385","Sub-group 6","Category 20",,"14","West","5","Steel","6","Element Protect.",,,"123","Type 21","61","Nul","2","Secondary",,"18554",,,,"18.554"
"00006","1","386","Sub-group 6","Category 20",,"14","West","5","Steel","6","Element Protect.",,,"123","Type 21","61","Nul","2","Secondary",,"18515",,,,"18.515"
"00004","11","387","Sub-group 6","Category 20",,"16","East","5","Steel","6","Element Protect.",,,"114","Type 16","61","Nul","2","Secondary",,"19463",,,,"19.463"
"00004","2","388","Sub-group 6","Category 20",,"16","East","5","Steel","6","Element Protect.",,,"114","Type 16","61","Nul","2","Secondary",,"31394",,,,"31.394"
"00004","3","389","Sub-group 6","Category 20",,"16","East","5","Steel","6","Element Protect.",,,"114","Type 16","61","Nul","2","Secondary",,"31394",,,,"31.394"
"00004","9","390","Sub-group 6","Category 20",,"16","East","5","Steel","6","Element Protect.",,,"114","Type 16","61","Nul","2","Secondary",,"24826",,,,"24.826"
"00004","4","391","Sub-group 6","Category 20",,"16","East","5","Steel","6","Element Protect.",,,"114","Type 16","61","Nul","2","Secondary",,"31394",,,,"31.394"
"00004","5","392","Sub-group 6","Category 20",,"16","East","5","Steel","6","Element Protect.",,,"114","Type 16","61","Nul","2","Secondary",,"31394",,,,"31.394"
"00004","6","393","Sub-group 6","Category 20",,"16","East","5","Steel","6","Element Protect.",,,"114","Type 16","61","Nul","2","Secondary",,"19406",,,,"19.406"
"00004","7","394","Sub-group 6","Category 20",,"16","East","5","Steel","6","Element Protect.",,,"114","Type 16","61","Nul","2","Secondary",,"11175",,,,"11.175"
"00004","8","395","Sub-group 6","Category 20",,"16","East","5","Steel","6","Element Protect.",,,"114","Type 16","61","Nul","2","Secondary",,"24826",,,,"24.826"
"00004","10","396","Sub-group 6","Category 20",,"16","East","5","Steel","6","Element Protect.",,,"114","Type 16","61","Nul","2","Secondary",,"11750",,,,"11.75"
"00004","12","397","Sub-group 6","Category 20",,"16","East","5","Steel","6","Element Protect.",,,"114","Type 16","61","Nul","2","Secondary",,"28956",,,,"28.956"
"00004","13","398","Sub-group 6","Category 20",,"16","East","5","Steel","6","Element Protect.",,,"114","Type 16","61","Nul","2","Secondary",,"37982",,,,"37.982"
"00004","1","399","Sub-group 6","Category 20",,"16","East","5","Steel","6","Element Protect.",,,"114","Type 16","61","Nul","2","Secondary",,"45431",,,,"45.431"
"00005","2","400","Sub-group 6","Category 20",,"16","East","5","Steel","6","Element Protect.",,,"114","Type 16","61","Nul","2","Secondary",2016-7-1 0:00:00,"32000",,,,"32"
"00005","3","401","Sub-group 6","Category 20",,"16","East","5","Steel","6","Element Protect.",,,"114","Type 16","61","Nul","2","Secondary",2016-7-1 0:00:00,"34253",,,,"34.253"
"00005","1","402","Sub-group 6","Category 20",,"16","East","5","Steel","6","Element Protect.",,,"114","Type 16","61","Nul","2","Secondary",2016-7-1 0:00:00,"53303",,,,"53.303"
"00006","2","403","Sub-group 6","Category 20",,"16","East","5","Steel","6","Element Protect.",,,"123","Type 21","61","Nul","2","Secondary",,"18642",,,,"18.642"
"00006","3","404","Sub-group 6","Category 20",,"16","East","5","Steel","6","Element Protect.",,,"123","Type 21","61","Nul","2","Secondary",,"19736",,,,"19.736"
"00006","4","405","Sub-group 6","Category 20",,"16","East","5","Steel","6","Element Protect.",,,"123","Type 21","61","Nul","2","Secondary",,"18642",,,,"18.642"
"00006","5","406","Sub-group 6","Category 20",,"16","East","5","Steel","6","Element Protect.",,,"123","Type 21","61","Nul","2","Secondary",,"19736",,,,"19.736"
"00006","6","407","Sub-group 6","Category 20",,"16","East","5","Steel","6","Element Protect.",,,"123","Type 21","61","Nul","2","Secondary",,"18642",,,,"18.642"
"00006","7","408","Sub-group 6","Category 20",,"16","East","5","Steel","6","Element Protect.",,,"123","Type 21","61","Nul","2","Secondary",,"18554",,,,"18.554"
"00006","1","409","Sub-group 6","Category 20",,"16","East","5","Steel","6","Element Protect.",,,"123","Type 21","61","Nul","2","Secondary",,"18515",,,,"18.515"
"00004","13","410","Sub-group 1","Category 1",,"15","North","5","Steel",,,,,,,,,"2","Secondary",,,,,"1","1"
"00005","3","411","Sub-group 1","Category 1",,"15","North","5","Steel",,,,,,,,,"2","Secondary",,,,,"1","1"
"00006","1","412","Sub-group 1","Category 1",,"13","South","5","Steel",,,,,,,,,"2","Secondary",,,,,"2","2"
"00004","1","413","Sub-group 1","Category 1",,"13","South","5","Steel",,,,,,,,,"2","Secondary",,,,,"1","1"
"00005","1","414","Sub-group 1","Category 1",,"13","South","5","Steel",,,,,,,,,"2","Secondary",,,,,"1","1"
"00006","7","415","Sub-group 1","Category 1",,"15","North","5","Steel",,,,,,,,,"2","Secondary",,,,,"2","2"
"00001","1","416","Sub-group 4","Category 11",,,,,,,,,,,,,,"2","Secondary",,,,,,
"00001","1","417","Sub-group 4","Category 12",,"14","West",,,,,,,"501","Type 13",,,"2","Secondary",,,,,,
"00001","1","418","Sub-group 4","Category 12",,"16","East",,,,,,,"501","Type 13",,,"2","Secondary",,,,,,
"00001","1","419","Sub-group 4","Category 10",,"14","West",,,,,,,"512","Type 24",,,"2","Secondary",,,,,,
"00001","1","420","Sub-group 4","Category 10",,"16","East",,,,,,,"512","Type 24",,,"2","Secondary",,,,,,
"00001","1","421","Sub-group 5","Category 13","1",,,,,,,,,"41","Type 10","1","Nul","1","Principal",,,,,,
"00001","1","422","Sub-group 5","Category 13","2",,,,,,,,,"41","Type 10","1","Nul","1","Principal",,,,,,
"00001","1","423","Sub-group 5","Category 14","2",,,"7","Wood",,,,,,,,,"1","Principal",,,"13950","2800",,"39.06"
"00001","1","424","Sub-group 5","Category 14","1",,,"7","Wood",,,,,,,,,"1","Principal",,,"13950","2200",,"30.69"
"00001","1","425","Sub-group 5","Category 18","2",,,"7","Wood",,,,,,,,,"2","Secondary",,,"7950","600",,"4.77"
"00001","1","426","Sub-group 5","Category 18","1",,,"7","Wood",,,,,,,,,"2","Secondary",,,"7950","600",,"4.77"
"00001","1","427","Sub-group 9","Category 28",,,,"7","Wood",,,,,,,,,"2","Secondary",,"12215","7600",,,"92.834"
"00001","1","428","Sub-group 9","Category 27",,,,,,,,,,"29","Type 20",,,"1","Principal",,"12215","8000",,,"97.72"
"00001","1","429","Sub-group 10","Category 4","1",,,"5","Steel","7","Element Protect.",,,"4","Type 22",,,"1","Principal",,"12215","310","305",,"18.811"
"00001","1","430","Sub-group 10","Category 4","2",,,"5","Steel","7","Element Protect.",,,"4","Type 22",,,"1","Principal",,"12215","310","305",,"18.811"
"00001","1","431","Sub-group 10","Category 4","4",,,"5","Steel","7","Element Protect.",,,"4","Type 22",,,"1","Principal",,"12215","310","305",,"18.811"
"00001","1","432","Sub-group 10","Category 4","5",,,"5","Steel","7","Element Protect.",,,"4","Type 22",,,"1","Principal",,"12215","310","305",,"18.811"
"00001","1","433","Sub-group 10","Category 4","6",,,"5","Steel","7","Element Protect.",,,"4","Type 22",,,"1","Principal",,"12215","310","305",,"18.811"
"00001","1","434","Sub-group 10","Category 4","7",,,"5","Steel","7","Element Protect.",,,"4","Type 22",,,"1","Principal",,"12215","310","305",,"18.811"
"00001","1","435","Sub-group 10","Category 4","9",,,"5","Steel","7","Element Protect.",,,"4","Type 22",,,"1","Principal",,"12215","310","305",,"18.811"
"00001","1","436","Sub-group 10","Category 4","3",,,"5","Steel","7","Element Protect.",,,"4","Type 22",,,"1","Principal",,"12215","310","305",,"18.811"
"00001","1","437","Sub-group 10","Category 4","8",,,"5","Steel","7","Element Protect.",,,"4","Type 22",,,"1","Principal",,"12215","310","305",,"18.811"
"00001","1","438","Sub-group 2","Category 7",,"15","North","7","Wood",,,,,,,,,"2","Secondary",,"12215",,,,"12.215"
"00001","1","439","Sub-group 2","Category 7",,"13","South","7","Wood",,,,,,,,,"2","Secondary",,"12215",,,,"12.215"
"00001","1","440","Sub-group 6","Category 20",,"15","North","14","Wood-Steel","6","Element Protect.",,,"125","Type 28","61","Nul","2","Secondary",,"12215",,,,"12.215"
"00001","1","441","Sub-group 6","Category 20",,"13","South","14","Wood-Steel","6","Element Protect.",,,"125","Type 28","61","Nul","2","Secondary",,"12215",,,,"12.215"
"00001","1","442","Sub-group 11","Category 6",,,,,,,,,,"407","Type 5",,,"2","Secondary",,,,,,"169.299"
"00001","1","443","Sub-group 1","Category 2",,"14","West",,,,,,,,,,,"2","Secondary",,,,,,
"00001","1","444","Sub-group 1","Category 2",,"16","East",,,,,,,,,,,"2","Secondary",,,,,,
"00001","1","445","Sub-group 1","Category 3",,"14","West","14","Wood-Steel","6","Element Protect.",,,"190","Type 26",,,"2","Secondary",,"14000",,,,"14"
"00001","1","446","Sub-group 1","Category 3",,"16","East","14","Wood-Steel","6","Element Protect.",,,"190","Type 26",,,"2","Secondary",,"7000",,,,"7"
"00002","1","447","Sub-group 4","Category 11",,,,,,,,,,,,,,"2","Secondary",,,,,,
"00003","1","448","Sub-group 4","Category 11",,,,,,,,,,,,,,"2","Secondary",,,,,,
"00002","1","449","Sub-group 4","Category 12",,"15","North",,,,,,,"501","Type 13",,,"2","Secondary",,,,,,
"00003","1","450","Sub-group 4","Category 12",,"15","North",,,,,,,"501","Type 13",,,"2","Secondary",,,,,,
"00002","1","451","Sub-group 4","Category 12",,"13","South",,,,,,,"501","Type 13",,,"2","Secondary",,,,,,
"00003","1","452","Sub-group 4","Category 12",,"13","South",,,,,,,"501","Type 13",,,"2","Secondary",,,,,,
"00003","1","453","Sub-group 4","Category 10",,"13","South",,,,,,,"512","Type 24",,,"2","Secondary",,,,,,
"00002","1","454","Sub-group 4","Category 10",,"13","South",,,,,,,"512","Type 24",,,"2","Secondary",,,,,,
"00003","1","455","Sub-group 4","Category 10",,"15","North",,,,,,,"512","Type 24",,,"2","Secondary",,,,,,
"00002","1","456","Sub-group 4","Category 10",,"15","North",,,,,,,"512","Type 24",,,"2","Secondary",,,,,,
"00002","1","457","Sub-group 5","Category 13","2",,,,,,,,,"41","Type 10","7","Nul","1","Principal",,,,,,
"00002","1","458","Sub-group 5","Category 13","1",,,,,,,,,"41","Type 10","7","Nul","1","Principal",,,,,,
"00003","1","459","Sub-group 5","Category 13","1",,,,,,,,,"41","Type 10","7","Nul","1","Principal",,,,,,
"00003","1","460","Sub-group 5","Category 13","2",,,,,,,,,"41","Type 10","7","Nul","1","Principal",,,,,,
"00003","1","461","Sub-group 5","Category 14","1",,,"1","Concrete",,,"1","Element Protect. 2",,,,,"1","Principal",,,"29900","2300",,"68.77"
"00003","1","462","Sub-group 5","Category 14","2",,,"1","Concrete",,,"1","Element Protect. 2",,,,,"1","Principal",,,"29900","2300",,"68.77"
"00002","1","463","Sub-group 5","Category 14","2",,,"1","Concrete",,,"1","Element Protect. 2",,,,,"1","Principal",,,"43410","3000",,"130.23"
"00002","1","464","Sub-group 5","Category 14","1",,,"1","Concrete",,,"1","Element Protect. 2",,,,,"1","Principal",,,"43410","3000",,"130.23"
"00002","1","465","Sub-group 5","Category 15","1",,,"1","Concrete",,,"2","Element Protect. 2","898","Type 14",,,"2","Secondary",,"11200",,"5000",,"56"
"00003","1","466","Sub-group 5","Category 15","1",,,"1","Concrete",,,"2","Element Protect. 2","898","Type 14",,,"2","Secondary",,"13100",,"5000",,"65.5"
"00002","1","467","Sub-group 5","Category 15","2",,,"1","Concrete",,,"2","Element Protect. 2","898","Type 14",,,"2","Secondary",,"48400",,"5000",,"242"
"00003","1","468","Sub-group 5","Category 15","2",,,"1","Concrete",,,"2","Element Protect. 2","898","Type 14",,,"2","Secondary",,"10600",,"5000",,"53"
"00002","1","469","Sub-group 5","Category 15","3",,,"1","Concrete",,,"2","Element Protect. 2","898","Type 14",,,"2","Secondary",,"11200",,"5000",,"56"
"00003","1","470","Sub-group 5","Category 15","3",,,"1","Concrete",,,"2","Element Protect. 2","898","Type 14",,,"2","Secondary",,"13100",,"5000",,"65.5"
"00002","1","471","Sub-group 5","Category 15","4",,,"1","Concrete",,,"2","Element Protect. 2","898","Type 14",,,"2","Secondary",,"13000",,"5000",,"65"
"00003","1","472","Sub-group 5","Category 15","4",,,"1","Concrete",,,"2","Element Protect. 2","898","Type 14",,,"2","Secondary",,"10600",,"5000",,"53"
"00002","1","473","Sub-group 9","Category 29",,"14","West","1","Concrete",,,"2","Element Protect. 2",,,,,"1","Principal",,"7630","450","2500",,"22.509"
"00003","1","474","Sub-group 9","Category 29",,"14","West","1","Concrete",,,"2","Element Protect. 2",,,,,"1","Principal",,"6860","450","2500",,"20.237"
"00002","1","475","Sub-group 9","Category 29",,"16","East","1","Concrete",,,"2","Element Protect. 2",,,,,"1","Principal",,"7630","450","2500",,"22.509"
"00003","1","476","Sub-group 9","Category 29",,"16","East","1","Concrete",,,"2","Element Protect. 2",,,,,"1","Principal",,"6860","450","2500",,"20.237"
"00003","1","477","Sub-group 9","Category 27",,,,,,,,"1","Element Protect. 2","21","Type 7","30","Nul","1","Principal",,"6860","31570",,,"216.57"
"00002","1","478","Sub-group 9","Category 27",,,,,,,,"1","Element Protect. 2","21","Type 7","30","Nul","1","Principal",,"7630","46160",,,"352.201"
"00003","1","479","Sub-group 2","Category 7",,"14","West","1","Concrete",,,"2","Element Protect. 2",,,,,"2","Secondary",2017-7-11 0:00:00,"33000",,,,"33"
"00002","1","480","Sub-group 2","Category 7",,"16","East","1","Concrete",,,"2","Element Protect. 2",,,,,"2","Secondary",2017-7-11 0:00:00,"69000",,,,"69"
"00002","1","481","Sub-group 6","Category 20",,"14","West","22","Concrete or Steel",,,,,"127","Type 4","61","Nul","2","Secondary",2012-4-12 0:00:00,"7630",,,,"7.63"
"00003","1","482","Sub-group 6","Category 20",,"14","West","2","Concrete HP",,,,,"106","Type 15","61","Nul","2","Secondary",,"33000",,,,"33"
"00002","1","483","Sub-group 6","Category 20",,"16","East","2","Concrete HP",,,,,"106","Type 15","60","Nul","2","Secondary",,"69000",,,,"69"
"00003","1","484","Sub-group 6","Category 20",,"16","East","22","Concrete or Steel",,,,,"127","Type 4","61","Nul","2","Secondary",2012-4-12 0:00:00,"6860",,,,"6.86"
"00002","1","485","Sub-group 1","Category 2",,"13","South",,,,,,,,,,,"2","Secondary",2015-4-1 0:00:00,,,,,
"00003","1","486","Sub-group 1","Category 2",,"13","South",,,,,,,,,,,"2","Secondary",2015-4-1 0:00:00,,,,,
"00002","1","487","Sub-group 1","Category 2",,"15","North",,,,,,,,,,,"2","Secondary",2015-4-1 0:00:00,,,,,
"00003","1","488","Sub-group 1","Category 2",,"15","North",,,,,,,,,,,"2","Secondary",2015-4-1 0:00:00,,,,,
"00002","1","489","Sub-group 1","Category 3",,"13","South","14","Wood-Steel",,,,,"190","Type 26",,,"2","Secondary",2012-4-12 0:00:00,"30000",,,,"30"
"00003","1","490","Sub-group 1","Category 3",,"13","South","14","Wood-Steel",,,,,"190","Type 26",,,"2","Secondary",2012-4-12 0:00:00,"30000",,,,"30"
"00002","1","491","Sub-group 1","Category 3",,"15","North","14","Wood-Steel",,,,,"190","Type 26",,,"2","Secondary",2012-4-12 0:00:00,"15000",,,,"15"
"00003","1","492","Sub-group 1","Category 3",,"15","North","14","Wood-Steel",,,,,"190","Type 26",,,"2","Secondary",2012-4-12 0:00:00,"30000",,,,"30"
"00004","7","493","Sub-group 10","Category 5",,"13","South","1","Concrete",,,"1","Element Protect. 2",,,,,"1","Principal",,,"2134","1372","6","35.134"
"00004","1","494","Sub-group 10","Category 4","1",,,"1","Concrete",,,"1","Element Protect. 2","7","Type 6","40","Nul","1","Principal",,"18631","2184","1676",,"103.141"
"00004","1","495","Sub-group 10","Category 4","4",,,"1","Concrete",,,"1","Element Protect. 2","7","Type 6","40","Nul","1","Principal",,"18631","2184","1676",,"103.141"
"00004","1","496","Sub-group 10","Category 4","2",,,"1","Concrete",,,"1","Element Protect. 2","7","Type 6","40","Nul","1","Principal",,"18631","2184","1676",,"103.141"
"00004","1","497","Sub-group 10","Category 4","5",,,"1","Concrete",,,"1","Element Protect. 2","7","Type 6","40","Nul","1","Principal",,"18631","2184","1676",,"103.141"
"00004","1","498","Sub-group 10","Category 4","6",,,"1","Concrete",,,"1","Element Protect. 2","7","Type 6","40","Nul","1","Principal",,"18631","2184","1676",,"103.141"
"00004","1","499","Sub-group 10","Category 4","3",,,"1","Concrete",,,"1","Element Protect. 2","7","Type 6","40","Nul","1","Principal",,"18631","2184","1676",,"103.141"
"00004","2","500","Sub-group 10","Category 4","3",,,"1","Concrete",,,"1","Element Protect. 2","7","Type 6","40","Nul","1","Principal",,"31394","2184","1676",,"173.797"
"00004","2","501","Sub-group 10","Category 4","5",,,"1","Concrete",,,"1","Element Protect. 2","7","Type 6","40","Nul","1","Principal",,"31394","2184","1676",,"173.797"
"00004","2","502","Sub-group 10","Category 4","6",,,"1","Concrete",,,"1","Element Protect. 2","7","Type 6","40","Nul","1","Principal",,"31394","2184","1676",,"173.797"
"00004","2","503","Sub-group 10","Category 4","4",,,"1","Concrete",,,"1","Element Protect. 2","7","Type 6","40","Nul","1","Principal",,"31394","2184","1676",,"173.797"
"00004","3","504","Sub-group 10","Category 4","2",,,"1","Concrete",,,"1","Element Protect. 2","7","Type 6","40","Nul","1","Principal",,"31394","2184","1676",,"173.797"
"00004","3","505","Sub-group 10","Category 4","3",,,"1","Concrete",,,"1","Element Protect. 2","7","Type 6","40","Nul","1","Principal",,"31394","2184","1676",,"173.797"
"00004","3","506","Sub-group 10","Category 4","4",,,"1","Concrete",,,"1","Element Protect. 2","7","Type 6","40","Nul","1","Principal",,"31394","2184","1676",,"173.797"
"00004","3","507","Sub-group 10","Category 4","5",,,"1","Concrete",,,"1","Element Protect. 2","7","Type 6","40","Nul","1","Principal",,"31394","2184","1676",,"173.797"
"00004","3","508","Sub-group 10","Category 4","6",,,"1","Concrete",,,"1","Element Protect. 2","7","Type 6","40","Nul","1","Principal",,"31394","2184","1676",,"173.797"
"00004","4","509","Sub-group 10","Category 4","2",,,"1","Concrete",,,"1","Element Protect. 2","7","Type 6","40","Nul","1","Principal",,"31394","2184","1676",,"173.797"
"00004","4","510","Sub-group 10","Category 4","3",,,"1","Concrete",,,"1","Element Protect. 2","7","Type 6","40","Nul","1","Principal",,"31394","2184","1676",,"173.797"
"00004","4","511","Sub-group 10","Category 4","4",,,"1","Concrete",,,"1","Element Protect. 2","7","Type 6","40","Nul","1","Principal",,"31394","2184","1676",,"173.797"
"00004","4","512","Sub-group 10","Category 4","5",,,"1","Concrete",,,"1","Element Protect. 2","7","Type 6","40","Nul","1","Principal",,"31394","2184","1676",,"173.797"
"00004","4","513","Sub-group 10","Category 4","6",,,"1","Concrete",,,"1","Element Protect. 2","7","Type 6","40","Nul","1","Principal",,"31394","2184","1676",,"173.797"
"00004","5","514","Sub-group 10","Category 4","2",,,"1","Concrete",,,"1","Element Protect. 2","7","Type 6","40","Nul","1","Principal",,"31394","2184","1676",,"173.797"
"00004","5","515","Sub-group 10","Category 4","3",,,"1","Concrete",,,"1","Element Protect. 2","7","Type 6","40","Nul","1","Principal",,"31394","2184","1676",,"173.797"
"00004","5","516","Sub-group 10","Category 4","4",,,"1","Concrete",,,"1","Element Protect. 2","7","Type 6","40","Nul","1","Principal",,"31394","2184","1676",,"173.797"
"00004","5","517","Sub-group 10","Category 4","5",,,"1","Concrete",,,"1","Element Protect. 2","7","Type 6","40","Nul","1","Principal",,"31394","2184","1676",,"173.797"
"00004","5","518","Sub-group 10","Category 4","6",,,"1","Concrete",,,"1","Element Protect. 2","7","Type 6","40","Nul","1","Principal",,"31394","2184","1676",,"173.797"
"00004","6","519","Sub-group 10","Category 4","2",,,"1","Concrete",,,"1","Element Protect. 2","7","Type 6","40","Nul","1","Principal",,"19406","2184","1676",,"107.432"
"00004","6","520","Sub-group 10","Category 4","3",,,"1","Concrete",,,"1","Element Protect. 2","7","Type 6","40","Nul","1","Principal",,"19406","2184","1676",,"107.432"
"00004","6","521","Sub-group 10","Category 4","4",,,"1","Concrete",,,"1","Element Protect. 2","7","Type 6","40","Nul","1","Principal",,"19406","2184","1676",,"107.432"
"00004","6","522","Sub-group 10","Category 4","5",,,"1","Concrete",,,"1","Element Protect. 2","7","Type 6","40","Nul","1","Principal",,"19406","2184","1676",,"107.432"
"00004","6","523","Sub-group 10","Category 4","6",,,"1","Concrete",,,"1","Element Protect. 2","7","Type 6","40","Nul","1","Principal",,"19406","2184","1676",,"107.432"
"00004","7","524","Sub-group 10","Category 4","2",,,"1","Concrete",,,"1","Element Protect. 2","7","Type 6","40","Nul","1","Principal",,"11175","2134","1372",,"54.512"
"00004","7","525","Sub-group 10","Category 4","3",,,"1","Concrete",,,"1","Element Protect. 2","7","Type 6","40","Nul","1","Principal",,"11175","2134","1372",,"54.512"
"00004","7","526","Sub-group 10","Category 4","4",,,"1","Concrete",,,"1","Element Protect. 2","7","Type 6","40","Nul","1","Principal",,"11175","2134","1372",,"54.512"
"00004","7","527","Sub-group 10","Category 4","5",,,"1","Concrete",,,"1","Element Protect. 2","7","Type 6","40","Nul","1","Principal",,"11175","2134","1372",,"54.512"
"00004","7","528","Sub-group 10","Category 4","6",,,"1","Concrete",,,"1","Element Protect. 2","7","Type 6","40","Nul","1","Principal",,"11175","2134","1372",,"54.512"
"00004","8","529","Sub-group 10","Category 4","2",,,"1","Concrete",,,"1","Element Protect. 2","7","Type 6","40","Nul","1","Principal",,"24826","2134","1372",,"121.101"
"00004","8","530","Sub-group 10","Category 4","3",,,"1","Concrete",,,"1","Element Protect. 2","7","Type 6","40","Nul","1","Principal",,"24826","2134","1372",,"121.101"
"00004","8","531","Sub-group 10","Category 4","4",,,"1","Concrete",,,"1","Element Protect. 2","7","Type 6","40","Nul","1","Principal",,"24826","2134","1372",,"121.101"
"00004","8","532","Sub-group 10","Category 4","5",,,"1","Concrete",,,"1","Element Protect. 2","7","Type 6","40","Nul","1","Principal",,"24826","2134","1372",,"121.101"
"00004","8","533","Sub-group 10","Category 4","6",,,"1","Concrete",,,"1","Element Protect. 2","7","Type 6","40","Nul","1","Principal",,"24826","2134","1372",,"121.101"
"00004","9","534","Sub-group 10","Category 4","2",,,"1","Concrete",,,"1","Element Protect. 2","7","Type 6","40","Nul","1","Principal",,"24826","2134","1372",,"121.101"
"00004","9","535","Sub-group 10","Category 4","3",,,"1","Concrete",,,"1","Element Protect. 2","7","Type 6","40","Nul","1","Principal",,"24826","2134","1372",,"121.101"
"00004","9","536","Sub-group 10","Category 4","4",,,"1","Concrete",,,"1","Element Protect. 2","7","Type 6","40","Nul","1","Principal",,"24826","2134","1372",,"121.101"
"00004","9","537","Sub-group 10","Category 4","5",,,"1","Concrete",,,"1","Element Protect. 2","7","Type 6","40","Nul","1","Principal",,"24826","2134","1372",,"121.101"
"00004","9","538","Sub-group 10","Category 4","6",,,"1","Concrete",,,"1","Element Protect. 2","7","Type 6","40","Nul","1","Principal",,"24826","2134","1372",,"121.101"
"00004","11","539","Sub-group 10","Category 4","2",,,"1","Concrete",,,"1","Element Protect. 2","7","Type 6","40","Nul","1","Principal",,"19463","2134","1372",,"94.941"
"00004","11","540","Sub-group 10","Category 4","3",,,"1","Concrete",,,"1","Element Protect. 2","7","Type 6","40","Nul","1","Principal",,"19463","2134","1372",,"94.941"
"00004","11","541","Sub-group 10","Category 4","4",,,"1","Concrete",,,"1","Element Protect. 2","7","Type 6","40","Nul","1","Principal",,"19463","2134","1372",,"94.941"
"00004","11","542","Sub-group 10","Category 4","5",,,"1","Concrete",,,"1","Element Protect. 2","7","Type 6","40","Nul","1","Principal",,"19463","2134","1372",,"94.941"
"00004","11","543","Sub-group 10","Category 4","6",,,"1","Concrete",,,"1","Element Protect. 2","7","Type 6","40","Nul","1","Principal",,"19463","2134","1372",,"94.941"
"00004","12","544","Sub-group 10","Category 4","2",,,"1","Concrete",,,"1","Element Protect. 2","7","Type 6","40","Nul","1","Principal",,"28956","2134","1372",,"141.247"
"00004","12","545","Sub-group 10","Category 4","3",,,"1","Concrete",,,"1","Element Protect. 2","7","Type 6","40","Nul","1","Principal",,"28956","2134","1372",,"141.247"
"00004","12","546","Sub-group 10","Category 4","4",,,"1","Concrete",,,"1","Element Protect. 2","7","Type 6","40","Nul","1","Principal",,"28956","2134","1372",,"141.247"
"00004","12","547","Sub-group 10","Category 4","5",,,"1","Concrete",,,"1","Element Protect. 2","7","Type 6","40","Nul","1","Principal",,"28956","2134","1372",,"141.247"
"00004","12","548","Sub-group 10","Category 4","6",,,"1","Concrete",,,"1","Element Protect. 2","7","Type 6","40","Nul","1","Principal",,"28956","2134","1372",,"141.247"
"00004","13","549","Sub-group 10","Category 4","2",,,"1","Concrete",,,"1","Element Protect. 2","7","Type 6","40","Nul","1","Principal",,"20232","2134","1372",,"98.692"
"00004","13","550","Sub-group 10","Category 4","3",,,"1","Concrete",,,"1","Element Protect. 2","7","Type 6","40","Nul","1","Principal",,"20232","2134","1372",,"98.692"
"00004","13","551","Sub-group 10","Category 4","4",,,"1","Concrete",,,"1","Element Protect. 2","7","Type 6","40","Nul","1","Principal",,"20232","2134","1372",,"98.692"
"00004","13","552","Sub-group 10","Category 4","5",,,"1","Concrete",,,"1","Element Protect. 2","7","Type 6","40","Nul","1","Principal",,"20232","2134","1372",,"98.692"
"00004","13","553","Sub-group 10","Category 4","6",,,"1","Concrete",,,"1","Element Protect. 2","7","Type 6","40","Nul","1","Principal",,"20232","2134","1372",,"98.692"
"00004","11","554","Sub-group 7","Category 21","4","6","North",,,,,,,,,,,"2","Secondary",,,"19755",,,"19.755"
"00004","11","555","Sub-group 7","Category 23","4","6","North","1","Concrete",,,"2","Element Protect. 2",,,,,"2","Secondary",,,"19755",,,"19.755"
"00004","11","556","Sub-group 7","Category 22","4","6","North",,,,,,,"306","Type 1",,,"2","Secondary",,,"19755",,,"19.755"
"00005","1","557","Sub-group 10","Category 5",,"13","South","1","Concrete",,,"1","Element Protect. 2",,,,,"1","Principal",,,"2438","1676","5","40.861"
"00005","1","558","Sub-group 10","Category 5",,"15","North","1","Concrete",,,"1","Element Protect. 2",,,,,"1","Principal",,,"2438","1676","5","40.861"
"00005","2","559","Sub-group 10","Category 5",,"15","North","1","Concrete",,,"1","Element Protect. 2",,,,,"1","Principal",,,"2438","1676","5","40.861"
"00005","3","560","Sub-group 10","Category 5",,"15","North","1","Concrete",,,"1","Element Protect. 2",,,,,"1","Principal",,,"2438","1676","5","40.861"
"00005","1","561","Sub-group 3","Category 9",,"3","West","1","Concrete",,,"2","Element Protect. 2",,,,,"2","Secondary",,,,,"10","10"
"00005","2","562","Sub-group 3","Category 9",,"3","West","1","Concrete",,,"1","Element Protect. 2",,,,,"2","Secondary",,,,,"15","15"
"00005","3","563","Sub-group 3","Category 9",,"3","West","1","Concrete",,,"1","Element Protect. 2",,,,,"2","Secondary",,,,,"10","10"
"00005","2","564","Sub-group 10","Category 4","2",,,"1","Concrete",,,"1","Element Protect. 2","7","Type 6","40","Nul","1","Principal",,"32000","2438","1486",,"173.12"
"00005","2","565","Sub-group 10","Category 4","3",,,"1","Concrete",,,"1","Element Protect. 2","7","Type 6","40","Nul","1","Principal",,"32000","2438","1486",,"173.12"
"00005","2","566","Sub-group 10","Category 4","4",,,"1","Concrete",,,"1","Element Protect. 2","7","Type 6","40","Nul","1","Principal",,"32000","2438","1486",,"173.12"
"00005","2","567","Sub-group 10","Category 4","5",,,"1","Concrete",,,"1","Element Protect. 2","7","Type 6","40","Nul","1","Principal",,"32000","2553","1486",,"176.8"
"00005","3","568","Sub-group 10","Category 4","2",,,"1","Concrete",,,"1","Element Protect. 2","7","Type 6","40","Nul","1","Principal",,"23585","2438","1486",,"127.595"
"00005","3","569","Sub-group 10","Category 4","3",,,"1","Concrete",,,"1","Element Protect. 2","7","Type 6","40","Nul","1","Principal",,"23585","2438","1486",,"220.142"
"00005","3","570","Sub-group 10","Category 4","4",,,"1","Concrete",,,"1","Element Protect. 2","7","Type 6","40","Nul","1","Principal",,"23585","2438","1486",,"127.595"
"00005","3","571","Sub-group 10","Category 4","5",,,"1","Concrete",,,"1","Element Protect. 2","7","Type 6","40","Nul","1","Principal",,"23585","2553","1486",,"130.307"
"00005","1","572","Sub-group 1","Category 31",,"13","South","1","Concrete",,,,,,,,,"2","Secondary",,,,,,
"00005","3","573","Sub-group 1","Category 31",,"15","North","1","Concrete",,,,,,,,,"2","Secondary",,,,,,
"00006","1","574","Sub-group 1","Category 31",,"13","South","1","Concrete",,,,,,,,,"2","Secondary",,,,,,
"00006","7","575","Sub-group 1","Category 31",,"15","North","1","Concrete",,,,,,,,,"2","Secondary",,,,,,
"00005","1","576","Sub-group 5","Category 16","1",,,"1","Concrete",,,"1","Element Protect. 2",,,,,"1","Principal",,"1800","14275",,,"25.695"
"00005","3","577","Sub-group 5","Category 16","4",,,"1","Concrete",,,"1","Element Protect. 2",,,,,"1","Principal",,"1250","14275",,,"17.844"
"00004","1","578","Sub-group 5","Category 16","1",,,"1","Concrete",,,"1","Element Protect. 2",,,,,"1","Principal",,"762","14833",,,"11.303"
"00004","1","579","Sub-group 8","Category 16","2",,,"1","Concrete",,,"1","Element Protect. 2",,,,,"1","Principal",,"1219","6096",,,"7.431"
"00004","13","580","Sub-group 5","Category 16","14",,,"1","Concrete",,,"1","Element Protect. 2",,,,,"1","Principal",,"419","28584",,,"11.977"
"00004","6","581","Sub-group 8","Category 16","7",,,"1","Concrete",,,"1","Element Protect. 2",,,,,"1","Principal",,"1500","14935",,,"22.403"
"00004","10","582","Sub-group 8","Category 16","11",,,"1","Concrete",,,"1","Element Protect. 2",,,,,"1","Principal",,"1333","20263",,,"27.011"
"00001","1","583","Sub-group 5","Category 16","1",,,"7","Wood","13","Element Protect.",,,,,,,"1","Principal",,"615","7950",,,"4.889"
"00001","1","584","Sub-group 5","Category 16","2",,,"7","Wood","13","Element Protect.",,,,,,,"1","Principal",,"410","7950",,,"3.26"
"00005","1","585","Sub-group 6","Category 20",,"14","West","1","Concrete",,,"2","Element Protect. 2","106","Type 15","61","Nul","2","Secondary",,"50713",,,,"50.713"
"00005","1","586","Sub-group 6","Category 20",,"16","East","1","Concrete",,,"2","Element Protect. 2","106","Type 15","61","Nul","2","Secondary",,"53303",,,,"53.303"
"00005","2","587","Sub-group 6","Category 20",,"14","West","1","Concrete",,,"2","Element Protect. 2","106","Type 15","61","Nul","2","Secondary",,"32000",,,,"32"
"00005","2","588","Sub-group 6","Category 20",,"16","East","1","Concrete",,,"2","Element Protect. 2","106","Type 15","61","Nul","2","Secondary",,"32000",,,,"32"
"00005","3","589","Sub-group 6","Category 20",,"14","West","1","Concrete",,,"2","Element Protect. 2","106","Type 15","61","Nul","2","Secondary",,"33770",,,,"33.77"
"00005","3","590","Sub-group 6","Category 20",,"16","East","1","Concrete",,,"2","Element Protect. 2","106","Type 15","61","Nul","2","Secondary",,"33770",,,,"33.77"
"00005","1","591","Sub-group 9","Category 1",,,,"5","Steel",,,,,,,,,"2","Secondary",,,,,"1","1"
"00005","3","592","Sub-group 9","Category 1",,,,"5","Steel",,,,,,,,,"2","Secondary",,,,,"1","1"
